created_at,time,favorite_count,id,in_reply_to_screen_name,in_reply_to_status_id,in_reply_to_status_id_str,in_reply_to_user_id,in_reply_to_user_id_str,is_quote_status,possibly_sensitive,retweet_count,text
Wed Jun 26 21:22:58 +0000 2019,21:22:58,0,",1143993075292942336",,,,,,FALSE,,2,"RT @ldoody: Great session at @IEA energy efficiency conference with excellent speakers including Julie O‚ÄôNeill of @SEAI_ie, CEO @ClimateGro‚Ä¶"
Wed Jun 26 21:22:56 +0000 2019,21:22:56,0,",1143993070305927169",,,,,,FALSE,,21,"RT @kieranmlkelly: Exchanges crashing left, right and center, BTC fees growing and transactions backlogged. Bull market confirmed. It‚Äôs all‚Ä¶"
Wed Jun 26 21:22:56 +0000 2019,21:22:56,19,",1143993068905017344",,,,,,FALSE,FALSE,7,There is a market for stating the obvious which the news is not meeting. https://t.co/0a5g525g0g
Wed Jun 26 21:22:56 +0000 2019,21:22:56,0,",1143993068670111749",faviana_hirsch,1.14E+18,1.14394E+18,2568201197,2568201197,FALSE,,0,@faviana_hirsch Hi! We passed by Les Halles on a boat trip along the Siene today. Tomorrow we will go to the Louvre‚Ä¶ https://t.co/gA6sFN9627
Wed Jun 26 21:22:55 +0000 2019,21:22:55,2,",1143993064018665479",Conebred1,1.14E+18,1.14396E+18,1.07E+18,1.07142E+18,FALSE,,0,"@Conebred1 @Drewcifuer26 @Captainziggels @nightshadepaste @sofain @Timcast It‚Äôs the free market at work. Suck it up. 

Learn to code üòÇ"
Wed Jun 26 21:22:54 +0000 2019,21:22:54,0,",1143993060226936832",,,,,,FALSE,,71,"RT @PeterLBrandt: My general rules for Twitter:
1. I typically don't critique others for market forecasts, analysis, trades. Traders have t‚Ä¶"
Wed Jun 26 21:22:54 +0000 2019,21:22:54,2,",1143993059371311106",,,,,,TRUE,FALSE,0,"It‚Äôs sad yeah, but I promise you it has nothing to do with gender. It‚Äôs all about the market siss. WNBA doesn‚Äôt get‚Ä¶ https://t.co/n1hGlWsEvk"
Wed Jun 26 21:22:54 +0000 2019,21:22:54,1,",1143993059262124033",MaMo_,1.14E+18,1.14399E+18,1.09E+18,1.08543E+18,FALSE,,0,@MaMo_ @PKings10 @LeGenerale3 @bapfrancis @I_am_Gathoni @XivTroy I personally don‚Äôt mind Somalis having states in K‚Ä¶ https://t.co/jPGUroVV69
Wed Jun 26 21:22:52 +0000 2019,21:22:52,25,",1143993053256069120",,,,,,FALSE,FALSE,6,"This historical photo is from late 1972, me as a new guitarist in UFO.
This might be the only time I wore crushed v‚Ä¶ https://t.co/NCMtQxrVrX"
Wed Jun 26 21:22:52 +0000 2019,21:22:52,0,",1143993052165316611",,,,,,FALSE,,1,"RT @UPFINAcom: When the Fed funds futures market expects an action 31 days in advance of the decision, the market is correct 75% of the tim‚Ä¶"
Wed Jun 26 21:22:52 +0000 2019,21:22:52,4,",1143993051968229376",,,,,,FALSE,,1,"what used to be the issues of the right---corporations, more consumers, bigger GDP, good stock market, lower wages-‚Ä¶ https://t.co/wurs0qvUjW"
Wed Jun 26 21:22:52 +0000 2019,21:22:52,0,",1143993051653771264",,,,,,FALSE,,872,"RT @TFWriter: THREAD: A thread on why #GlazersOut is happening and why every Manchester United fan should be concerned.

Signing Wan-Bissak‚Ä¶"
Wed Jun 26 21:22:52 +0000 2019,21:22:52,2,",1143993050412306433",carolynboyd,1.14E+18,1.14399E+18,20474215,20474215,FALSE,,0,"And both my meetings have been cancelled (so popular, me) so I might just have to go and mooch around Borough Market #silverlinings"
Wed Jun 26 21:22:50 +0000 2019,21:22:50,0,",1143993044481576967",,,,,,FALSE,FALSE,763,RT @StoolGreenie: New Blog: Kevin Durant Is Officially On The Market And Ready To Get His Dick Sucked By NBA Teams https://t.co/hjvGD7qJgJ‚Ä¶
Wed Jun 26 21:22:50 +0000 2019,21:22:50,0,",1143993043223273472",realDonaldTrump,1.14E+18,1.14399E+18,25073877,25073877,FALSE,,0,"@realDonaldTrump @LindseyGrahamSC You‚Äôre in the office 2 1/2 years, our military is the same, our stock market is f‚Ä¶ https://t.co/i2gbxPT0lz"
Wed Jun 26 21:22:50 +0000 2019,21:22:50,0,",1143993041671163904",,,,,,FALSE,,0,I wanna go to the farmers market
Wed Jun 26 21:22:49 +0000 2019,21:22:49,0,",1143993041000288257",davezatz,1.14E+18,1.14399E+18,14222615,14222615,FALSE,,0,@davezatz I wonder what the actual market share Kindle devices have. My wife and I only read stuff on our iPads(min‚Ä¶ https://t.co/o80JMIBdfN
Wed Jun 26 21:22:48 +0000 2019,21:22:48,0,",1143993034142560256",,,,,,FALSE,,14,"RT @b_bushrah: Good morning 
Come shop your fav ofada rice 
Send a DM
Or shop at E01 Mandela Market Mile 12.
Rt @___Labi @MrGetAnything_ @b‚Ä¶"
Wed Jun 26 21:22:47 +0000 2019,21:22:47,0,",1143993031743307776",,,,,,FALSE,,73,RT @POOPSCRUFFIN4U: All sex is choke sex when you're getting strangled by the invisible hand of the free market.
Wed Jun 26 21:22:46 +0000 2019,21:22:46,2,",1143993024612954112",FlyByKnite,1.14E+18,1.14399E+18,42176777,42176777,FALSE,,0,@JohnnyNBA And I'm totally fine with it. It's what I've been expecting. He's signing the 1+1 in Toronto to re-enter‚Ä¶ https://t.co/irPWcKwT9D
Wed Jun 26 21:22:45 +0000 2019,21:22:45,0,",1143993022679531521",,,,,,FALSE,,49,"RT @NakamotoJedi: ùóùùóÆùóΩùóÆùóª ùó∞ùóµùóÆùóªùó¥ùó≤ùòÄ ùó∞ùóøùòÜùóΩùòÅùóºùó∞ùòÇùóøùóøùó≤ùóªùó∞ùòÜ ùòÅùóøùóÆùó±ùó∂ùóªùó¥ ùóøùòÇùóπùó≤ùòÄ
‚†Ä
From 2020 cryptocurrency trading market regulations will be changed. Traders‚Ä¶"
Wed Jun 26 21:22:45 +0000 2019,21:22:45,0,",1143993021945516034",,,,,,FALSE,FALSE,0,"Vertical market networks, effective startup names, Libra, Carbon, and Sidewalk Labs on https://t.co/bnIF1TYxB2"
Wed Jun 26 21:22:45 +0000 2019,21:22:45,0,",1143993020645330945",,,,,,FALSE,FALSE,300,"RT @ebuyhouseinc: In today‚Äôs real estate market, there‚Äôs no better time to buy than right now! And using ebuyhouse saves you 6% when sellin‚Ä¶"
Wed Jun 26 21:22:44 +0000 2019,21:22:44,0,",1143993018858516480",,,,,,FALSE,FALSE,0,All out of Bait! https://t.co/gveZsOucxA
Wed Jun 26 21:22:44 +0000 2019,21:22:44,0,",1143993018271318017",,,,,,FALSE,,1,RT @REGENTmanADB: @davidericstan @Consumers4B So what are our MP‚Äôs even waiting for ? We could be out &amp; making a few phone calls to POTUS T‚Ä¶
Wed Jun 26 21:22:44 +0000 2019,21:22:44,0,",1143993017998688256",,,,,,FALSE,FALSE,0,Podcast and article on applying behavioral finance to the advisor's practice via @Horsesmouth_FA  https://t.co/c9F5fk6MNg
Wed Jun 26 21:22:44 +0000 2019,21:22:44,0,",1143993017055027207",Jon22176650,1.14E+18,1.14326E+18,1.10E+18,1.1037E+18,FALSE,,0,@Jon22176650 @HughFW @Tesco @itsanitarani Easier to say than to do - I‚Äôm a wheelchair user living on benefits.  I‚Äôd‚Ä¶ https://t.co/nTzIy4OAU1
Wed Jun 26 21:22:43 +0000 2019,21:22:43,0,",1143993015846887424",,,,,,FALSE,,1393,"RT @GautamGambhir: I'm glad to inform you of the completion of phase 2 of the CCTV camera installation at Block 15, Trilokpuri of my consti‚Ä¶"
Wed Jun 26 21:22:41 +0000 2019,21:22:41,0,",1143993004904144897",,,,,,FALSE,FALSE,0,"I'm inviting you to join Viral Market, a site that lets you earn money with social media. I just earned $75.00 and‚Ä¶ https://t.co/jUNxNihK0u"
Wed Jun 26 21:22:41 +0000 2019,21:22:41,0,",1143993003721318404",,,,,,FALSE,,0,"seems coinbase don't like people selling the news, and are manipulating the market by denying their clients access to the BTC and trading"
Wed Jun 26 21:22:40 +0000 2019,21:22:40,0,",1143993002278432774",,,,,,FALSE,,49,"RT @NakamotoJedi: ùóùùóÆùóΩùóÆùóª ùó∞ùóµùóÆùóªùó¥ùó≤ùòÄ ùó∞ùóøùòÜùóΩùòÅùóºùó∞ùòÇùóøùóøùó≤ùóªùó∞ùòÜ ùòÅùóøùóÆùó±ùó∂ùóªùó¥ ùóøùòÇùóπùó≤ùòÄ
‚†Ä
From 2020 cryptocurrency trading market regulations will be changed. Traders‚Ä¶"
Wed Jun 26 21:22:40 +0000 2019,21:22:40,0,",1143993000936255490",,,,,,FALSE,,0,Newest descriptor for 5 p traffic in Louidvillr: a parade of incompetence. Drivers. Unending construction Jefferson‚Ä¶ https://t.co/YtoXwnRjhV
Wed Jun 26 21:22:39 +0000 2019,21:22:39,0,",1143992995949273089",,,,,,TRUE,,179,RT @kofi_klu: This stupid logic be how wonna politicians dey finesse we sitting in trotro 1 month to elections and going to the market to ‚Äú‚Ä¶
Wed Jun 26 21:22:38 +0000 2019,21:22:38,0,",1143992993944236032",,,,,,FALSE,,858,"RT @wojespn: Phoenix has extended qualifying offer to Kelly Oubre Jr., which will make him a restricted free agent, league sources tell ESP‚Ä¶"
Wed Jun 26 21:22:38 +0000 2019,21:22:38,0,",1143992991738150912",,,,,,FALSE,,6212,"RT @SuperStarBTStwt: #SuperStarBTS ÎÖ∏Îûò ÏßÑÏßúÏßÑÏßúÏßÑÏßúÎ£® Ï¢ãÏùÄ ÏßÑÏßúÎ£®.. #JamaisVu updated!

Summer Event is here! Free Gift Every 12 PM KST! Get It From You‚Ä¶"
Wed Jun 26 21:22:37 +0000 2019,21:22:37,0,",1143992987741016065",,,,,,FALSE,,2,"RT @KoroushAK: $BTC

""No dips till 20k""

""Why would you wait for the daily close?""

""Who is dumb enough to take profits in a bull market?""‚Ä¶"
Wed Jun 26 21:22:37 +0000 2019,21:22:37,0,",1143992986893729794",,,,,,FALSE,,136,RT @XHNews: The U.S. ethanol industry hopes to see an early resolution to the ongoing U.S.-China trade tensions in order to win a big share‚Ä¶
Wed Jun 26 21:22:36 +0000 2019,21:22:36,0,",1143992982997278720",,,,,,FALSE,FALSE,0,"Sweetened Condensed Milk Market Size, Future Trends, Industry Growth, Segmentation, Emerging Demand, Regional Analy‚Ä¶ https://t.co/OTxwTiR3Ph"
Wed Jun 26 21:22:34 +0000 2019,21:22:34,0,",1143992977188106246",_Juice13_,1.14E+18,1.14369E+18,2398073325,2398073325,FALSE,,0,@_Juice13_ I don‚Äôt understand why people get so pressed about showing bigger people in workout clothes like?? Since‚Ä¶ https://t.co/UjLjnIyGk4
Wed Jun 26 21:22:34 +0000 2019,21:22:34,0,",1143992976953229312",,,,,,FALSE,FALSE,300,"RT @ebuyhouseinc: In today‚Äôs real estate market, there‚Äôs no better time to buy than right now! And using ebuyhouse saves you 6% when sellin‚Ä¶"
Wed Jun 26 21:22:33 +0000 2019,21:22:33,0,",1143992973811703808",P_Dawg_,1.14E+18,1.14399E+18,148142233,148142233,FALSE,,0,@Djmick90 @SIECrimson @BadAzzGamerChic @ZhugeEX Selling said consoles at a bigger loss in order to remain competiti‚Ä¶ https://t.co/SyLMqEolbc
Wed Jun 26 21:22:33 +0000 2019,21:22:33,0,",1143992973161619456",,,,,,FALSE,FALSE,3,"RT @LauKaya: - Greens claim Internal Market committee chairmanship in the European Parliament
- European People's Party claims Culture + In‚Ä¶"
Wed Jun 26 21:22:32 +0000 2019,21:22:32,0,",1143992966522032128",,,,,,FALSE,,64,"RT @TimBontemps: The Raptors say Marc Gasol has exercised his player option for 2019-20. Always was expected, given the number of centers o‚Ä¶"
Wed Jun 26 21:22:30 +0000 2019,21:22:30,1,",1143992960905818112",chrishuskey,1.14E+18,1.14399E+18,28031895,28031895,FALSE,,0,"@chrishuskey Thanks! That was my point, just relaying the msg. Good to know that one-year-later results are not alw‚Ä¶ https://t.co/k9qtmPQ2bq"
Wed Jun 26 21:22:30 +0000 2019,21:22:30,1,",1143992957399445504",TheCryptHawk,1.14E+18,1.14399E+18,1.04E+18,1.03744E+18,FALSE,,0,"@TheCryptHawk But xrp is going down right now, what are you talking about? Like it or not btc moves the market."
Wed Jun 26 21:22:29 +0000 2019,21:22:29,19,",1143992955457495043",BernieBroStar,1.14E+18,1.14399E+18,2347515790,2347515790,FALSE,,4,"Wall Street makes its money off of workers. Unless you are a wealthy player in the stock market, you will not be bo‚Ä¶ https://t.co/56Y18WqqHj"
Wed Jun 26 21:22:29 +0000 2019,21:22:29,0,",1143992955146866688",,,,,,FALSE,,4,RT @McKinseyDigital: Powerful platforms have given digital natives from Alibaba to Amazon global reach and towering market capitalizations.‚Ä¶
Wed Jun 26 21:22:29 +0000 2019,21:22:29,0,",1143992954442387457",,,,,,FALSE,FALSE,0,Greg just started expanding their Market Stalls and needs you to send them materials to help! https://t.co/AcmpJgaqOL
Wed Jun 26 21:22:27 +0000 2019,21:22:27,0,",1143992948092223488",,,,,,FALSE,,20,RT @MoonOverlord: Exchanges aren‚Äôt ready for the next crypto bull market
Wed Jun 26 21:22:26 +0000 2019,21:22:26,0,",1143992944543883264",,,,,,FALSE,,276,"RT @wallahbro_: Over 60,000 tweets using the #GlazersOUT 

The number one trend worldwide 

Manchester City have spent over ¬£1,000,000,000‚Ä¶"
Wed Jun 26 21:22:26 +0000 2019,21:22:26,0,",1143992942765305856",,,,,,FALSE,FALSE,0,Farmer‚Äôs market at Palo Alto campus today. Got my fortune from Zoltar. üòÅ #vmwarelife https://t.co/gUThVJ3JqT
Wed Jun 26 21:22:26 +0000 2019,21:22:26,0,",1143992942471843840",bytomquinn,1.14E+18,1.14393E+18,499129603,499129603,FALSE,,0,@bytomquinn So there's an underlying market?
Wed Jun 26 21:22:25 +0000 2019,21:22:25,3,",1143992940190142464",,,,,,FALSE,FALSE,1,"Well done on a fantastic growers gathering @WaterfordWhisky Fab to see the distilling process, clear traceability,‚Ä¶ https://t.co/T4rxaUeDYD"
Wed Jun 26 21:22:25 +0000 2019,21:22:25,0,",1143992939753988096",,,,,,FALSE,,1,"RT @guvelazq: Canalys mentions, Cisco Security is a leader in market share, and with the investments in partners and products, Cisco Securi‚Ä¶"
Wed Jun 26 21:22:24 +0000 2019,21:22:24,0,",1143992932988522501",,,,,,TRUE,FALSE,0,How about a policy of making free market thinktanks illegal ? https://t.co/RB2oy7bUFy
Wed Jun 26 21:22:23 +0000 2019,21:22:23,0,",1143992931864285184",AlexH_Johnson,1.14E+18,1.14399E+18,38740096,38740096,FALSE,,0,@AlexH_Johnson Empathy should be assessed in the context of who the customer is. Re: Digit - why should someone w/‚Ä¶ https://t.co/IbmQmNpzrY
Wed Jun 26 21:22:23 +0000 2019,21:22:23,0,",1143992928756518912",,,,,,FALSE,,561,"RT @AmiHorowitz: The Muslim Brotherhood is a dangerous organization that seeks to destroy the West from within.

I expose their plans!

Wat‚Ä¶"
Wed Jun 26 21:22:23 +0000 2019,21:22:23,0,",1143992928131416064",,,,,,FALSE,,288,"RT @Swamijitweets: Got a copy of ""Nehru's 97 Major Blunders"" from online market today, as recommended by some ..! Nehru himself was the big‚Ä¶"
Wed Jun 26 21:22:21 +0000 2019,21:22:21,0,",1143992922964209670",,,,,,FALSE,,7,RT @NobleGG: We know you're in the market for improvement. Start with your peripherals. @LogitechG is your one stop shop for everything to‚Ä¶
Wed Jun 26 21:22:20 +0000 2019,21:22:20,0,",1143992918115586049",,,,,,FALSE,,1,RT @2fiiiii: Dondurma aldƒ±m irmik aldƒ±m market dondurmalƒ± irmik var abi ondan alsana dedi ‚òÑÔ∏èb√ºt√ºn g√ºn√ºn stresini attƒ±m üòÇüôÉüôète≈üekk√ºrler.
Wed Jun 26 21:22:20 +0000 2019,21:22:20,0,",1143992918056865792",,,,,,FALSE,,5,RT @TheStreet: Would the market crash if @realDonaldTrump doesn't get reelected in 2020? @JimCramer says not if @JoeBiden wins: https://t.c‚Ä¶
Wed Jun 26 21:22:20 +0000 2019,21:22:20,0,",1143992915212951552",,,,,,FALSE,,4,RT @SteinbachEY: Our new #IPOreport is out: In Q2 2019 all regions saw a rebound in #IPO activity - especially in Europe and the US. Global‚Ä¶
Wed Jun 26 21:22:19 +0000 2019,21:22:19,1,",1143992914168680448",AntHorsman,1.14E+18,1.14398E+18,2509951663,2509951663,FALSE,,0,"@AntHorsman @brexit_politics Low skills, low productivity economy, much of it foreign owned, quits largest market f‚Ä¶ https://t.co/wH5pVsuQbZ"
Wed Jun 26 21:22:19 +0000 2019,21:22:19,0,",1143992913011073024",kjfisher13,1.14E+18,1.14395E+18,67964462,67964462,FALSE,,0,"@kjfisher13 Found via nearby tweets üòé I genuinely support your cause, the fact is that the job market has never loo‚Ä¶ https://t.co/qiLuPUY3UN"
Wed Jun 26 21:22:18 +0000 2019,21:22:18,0,",1143992909571743744",,,,,,FALSE,FALSE,0,"Japan‚Äôs ivory market is fuelling the elephant poaching crisis, but we can help shut it down. Add your name &gt;&gt; https://t.co/7DK5HXsaz7"
Wed Jun 26 21:22:17 +0000 2019,21:22:17,0,",1143992906451161093",RevRyeBread,1.14E+18,1.14399E+18,25678297,25678297,FALSE,FALSE,0,@RevRyeBread No...(?) This was their big/first one (before they gave up on the US market). When The Lights Go Out w‚Ä¶ https://t.co/gIt4qKII1W
Wed Jun 26 21:22:17 +0000 2019,21:22:17,0,",1143992906216292355",,,,,,FALSE,FALSE,0,"What does it take to market your small business? Learn, over our informative online boot camp.‚Ä¶ https://t.co/shvUBAIRuT"
Wed Jun 26 21:22:17 +0000 2019,21:22:17,0,",1143992905515905028",fredumx,1.14E+18,1.14399E+18,1.06E+18,1.06103E+18,FALSE,,0,"@fredumx @JuventusMark10 @juvefcdotcom Market isn't changing as things stand, Mbapp√© will go for 220 plus, in 3 yea‚Ä¶ https://t.co/wCYn3VFwtF"
Wed Jun 26 21:22:17 +0000 2019,21:22:17,0,",1143992904614068225",,,,,,FALSE,FALSE,0,Get your hands on the BEST blueberry muffin shake on the market!! #Perspective by @inspirecloudz  Get yours in stor‚Ä¶ https://t.co/c8LVD1dvpG
Wed Jun 26 21:22:15 +0000 2019,21:22:15,0,",1143992894996373505",,,,,,FALSE,,623,"RT @anotheracronym: Huge. üò± Ahead of the #DemDebate tonight, @realDonaldTrump purchased the Youtube masthead - one of the most expensive di‚Ä¶"
Wed Jun 26 21:22:15 +0000 2019,21:22:15,0,",1143992894858158082",,,,,,FALSE,,288,"RT @Haggis_UK: Ken Clarke - The immediate effects we would face on the 1st of November, with a #NoDealBrexit, would be no regularised arran‚Ä¶"
Wed Jun 26 21:22:15 +0000 2019,21:22:15,0,",1143992894526828545",,,,,,FALSE,,1,"RT @SchillerWalther: @TheStreet @realDonaldTrump @jimcramer @JoeBiden As trump ""moves the market up"", he is a moderate ?"
Wed Jun 26 21:22:14 +0000 2019,21:22:14,0,",1143992893109080066",,,,,,FALSE,,13,"RT @_TheMarketCo: THIS SATURDAY
#Rochdale Artisan Market rocks back into town #Manchester 
Come along and see what all the fuss is about!
1‚Ä¶"
Wed Jun 26 21:22:12 +0000 2019,21:22:12,0,",1143992883701329921",,,,,,FALSE,,872,"RT @TFWriter: THREAD: A thread on why #GlazersOut is happening and why every Manchester United fan should be concerned.

Signing Wan-Bissak‚Ä¶"
Wed Jun 26 21:22:12 +0000 2019,21:22:12,1,",1143992883453845504",,,,,,FALSE,FALSE,0,Flint HIlls Resources puts Ingleside Crude Oil Export Terminal on the market https://t.co/b442VJkHaF #EagleFord‚Ä¶ https://t.co/Ez9tZocQHg
Wed Jun 26 21:22:12 +0000 2019,21:22:12,0,",1143992881839058944",,,,,,FALSE,,1,"RT @SchillerWalther: @TheStreet @realDonaldTrump @jimcramer @JoeBiden By the way, why is the market up that much ?"
Wed Jun 26 21:22:11 +0000 2019,21:22:11,55,",1143992881151127564",,,,,,FALSE,FALSE,2,"$BTC

""No dips till 20k""

""Why would you wait for the daily close?""

""Who is dumb enough to take profits in a bull‚Ä¶ https://t.co/Ec0BXphG8v"
Wed Jun 26 21:22:10 +0000 2019,21:22:10,0,",1143992876474306560",oandbpuck,1.14E+18,1.14399E+18,9.92E+17,9.92227E+17,FALSE,,0,"@oandbpuck True...but they set the Market &amp; there is a trickle down effect. 

There is little left for other Player‚Ä¶ https://t.co/yvxBWNm81l"
Wed Jun 26 21:22:10 +0000 2019,21:22:10,0,",1143992876415762432",CryptoLain,,,1.12E+18,1.12077E+18,FALSE,,0,"@CryptoLain Follow me back, you sperg. you were my favorite CT mascot back in 2017 before you pussied out and the market went ballistic."
Wed Jun 26 21:22:08 +0000 2019,21:22:08,0,",1143992866013765632",,,,,,FALSE,FALSE,0,"PH market nearly falls off 8,000 mark https://t.co/6Hlvq6EpAc"
Wed Jun 26 21:22:08 +0000 2019,21:22:08,0,",1143992864910786561",,,,,,TRUE,,8,"RT @NuanceBro: This is the worst take... these ""private businesses"" xreated monopolies via fraud. They advertised themselves as one thing a‚Ä¶"
Wed Jun 26 21:22:07 +0000 2019,21:22:07,1,",1143992861546991616",CryptoHornHairs,1.14E+18,1.14399E+18,8.58E+17,8.57813E+17,FALSE,,0,"@CryptoHornHairs Wow, looks so bearish now. That dump has totally ruined any potential of a bull market. This was 101% a dead cat bounce."
Wed Jun 26 21:22:06 +0000 2019,21:22:06,0,",1143992859877658630",fbsupportforyou,,,1.05E+18,1.05361E+18,FALSE,,0,@fbsupportforyou how long does it take for an item to be reviewed on market place?
Wed Jun 26 21:22:06 +0000 2019,21:22:06,0,",1143992859361779713",,,,,,FALSE,,54,"RT @Heritage: Thus, the cost of college has skyrocketed and students grow deeper in debt.

The solution is not to pay off existing student‚Ä¶"
Wed Jun 26 21:22:06 +0000 2019,21:22:06,0,",1143992857298132997",,,,,,FALSE,,2,RT @kieranmlkelly: Full blown bull market confirmed when someone offers me $500k for just my exchange profile to trade because exchanges ar‚Ä¶
Wed Jun 26 21:22:05 +0000 2019,21:22:05,2,",1143992855343640576",,,,,,FALSE,FALSE,0,"Clematis Street Subculture cafe wants to spread to alley, add green market and climbing wall https://t.co/w5tkeCtLJD"
Wed Jun 26 21:22:05 +0000 2019,21:22:05,2,",1143992854827667459",augurmag,1.14E+18,1.14393E+18,7.58E+17,7.57775E+17,FALSE,,0,"@augurmag @somesillywowzer Sorry, not my e-zine, just excited about a market opening for my friendsüò∂."
Wed Jun 26 21:22:04 +0000 2019,21:22:04,0,",1143992849236729856",,,,,,FALSE,,3,"RT @sportingnewsca: Free agency kicks off on July 1, and there are some big names hitting the market. @SpectorsHockey has more right here‚Ä¶"
Wed Jun 26 21:22:03 +0000 2019,21:22:03,4,",1143992848049569793",brucefenton,1.14E+18,1.14397E+18,19132398,19132398,TRUE,FALSE,0,@brucefenton For the most egregious actors the path towards forgiveness is appropriate only after contrition. The c‚Ä¶ https://t.co/ltJkjh2wZR
Wed Jun 26 21:22:03 +0000 2019,21:22:03,0,",1143992848024518657",,,,,,FALSE,,8,"RT @MrsMThatcher: Whether manufactured by black, white, brown or yellow hands, a widget remains a widget and it will be bought anywhere if‚Ä¶"
Wed Jun 26 21:22:03 +0000 2019,21:22:03,0,",1143992844492922880",,,,,,FALSE,,4,"RT @SustainableUofM: The @umanitoba Farmers' Market is not only an opportunity to see a selection of high-quality products, but also a chan‚Ä¶"
Wed Jun 26 21:22:03 +0000 2019,21:22:03,0,",1143992844492922880",,,,,,FALSE,,4,"RT @SustainableUofM: The @umanitoba Farmers' Market is not only an opportunity to see a selection of high-quality products, but also a chan‚Ä¶"
Wed Jun 26 21:22:02 +0000 2019,21:22:02,0,",1143992843209281536",,,,,,FALSE,,623,"RT @anotheracronym: Huge. üò± Ahead of the #DemDebate tonight, @realDonaldTrump purchased the Youtube masthead - one of the most expensive di‚Ä¶"
Wed Jun 26 21:22:02 +0000 2019,21:22:02,0,",1143992842999742466",,,,,,FALSE,FALSE,0,The Best Stock Market Secrets You Need To Know - https://t.co/0XYJ0M26PF
Wed Jun 26 21:22:02 +0000 2019,21:22:02,0,",1143992840898273280",,,,,,FALSE,,18,"RT @Joestradamus91: One of the targets mentioned was Ericsson. If you have been following the 5G war, Trump has banned Chinese Huawei and E‚Ä¶"
Wed Jun 26 21:22:01 +0000 2019,21:22:01,12,",1143992839443025920",,,,,,FALSE,FALSE,5,"Incredible NEW Video Is Now LIVE! 
The Next 300,000% Altcoin In Bull Market - Finding The Next Ethereum
CLICK HERE‚Ä¶ https://t.co/WcnHMU5rZQ"
Wed Jun 26 21:22:01 +0000 2019,21:22:01,0,",1143992837744279552",,,,,,FALSE,FALSE,0,"Downhole Tools Market 2019 Growth Strategies, Current Trends, Share, Size, Top Companies Data, Worldwide Analysis,‚Ä¶ https://t.co/zLLyukId9f"
Wed Jun 26 21:22:01 +0000 2019,21:22:01,0,",1143992837001732096",,,,,,FALSE,FALSE,0,"High Speed Printers Market 2019 Global Industry √¢‚Ç¨‚Äú Key Players Analysis, Sales, Supply, Demand and Forecast to¬†2024 https://t.co/98K5Beiyf8"
Wed Jun 26 21:22:00 +0000 2019,21:22:00,0,",1143992835433254912",,,,,,FALSE,,0,"halfway thru the week! tomorrow's schedule üëáüèΩ
__
HOT DOG TRUCK üå≠üçü
üìçdowntown // 18th &amp; L, NW
‚è±Ô∏è11:15am - 2pm

BURGER‚Ä¶ https://t.co/aiRRAWVC3M"
Wed Jun 26 21:22:00 +0000 2019,21:22:00,0,",1143992834493730816",,,,,,FALSE,,872,"RT @TFWriter: THREAD: A thread on why #GlazersOut is happening and why every Manchester United fan should be concerned.

Signing Wan-Bissak‚Ä¶"
Wed Jun 26 21:22:00 +0000 2019,21:22:00,0,",1143992833990418438",,,,,,FALSE,FALSE,0,Cool off with us at the Andersonville Farmers Market today til 8pm! #icedteas #icedcoffees #finallysummer https://t.co/v05QR33D7t
Wed Jun 26 21:22:00 +0000 2019,21:22:00,5,",1143992833654841350",,,,,,TRUE,FALSE,2,Disappointed with that small market cap for #SKIN by the time this is ready to be sold https://t.co/hZMRaTjeHh
Wed Jun 26 21:22:00 +0000 2019,21:22:00,0,",1143992832782426114",,,,,,FALSE,FALSE,0,"Vision Insurance Market Global Industry Analysis, Size, Share, Growth, Trends and Forecast¬†2019-2025 https://t.co/OKpfSPgZXx"
Wed Jun 26 21:22:00 +0000 2019,21:22:00,0,",1143992832316731392",,,,,,FALSE,FALSE,0,Global #Hospital #Bed Market size to reach $3.7 billion by 2024. Inc #Bariatric Desc at https://t.co/IsPDWHucfU‚Ä¶ https://t.co/paIKTlMSSm
Wed Jun 26 21:21:59 +0000 2019,21:21:59,0,",1143992829997387778",,,,,,FALSE,,10,"RT @BoycottUtah: After generations of exploitation &amp; providing a massive market for the illicit drug trade, America's treatment of Latin Am‚Ä¶"
Wed Jun 26 21:21:58 +0000 2019,21:21:58,0,",1143992824146223104",,,,,,FALSE,FALSE,13,"RT @XrpCenter: New video uploaded by @Ripple.

Ripple Drop Extended - ""Market Oportunity"".

https://t.co/n16590Hce4"
Wed Jun 26 21:21:57 +0000 2019,21:21:57,0,",1143992822036647936",,,,,,FALSE,FALSE,763,RT @StoolGreenie: New Blog: Kevin Durant Is Officially On The Market And Ready To Get His Dick Sucked By NBA Teams https://t.co/hjvGD7qJgJ‚Ä¶
Wed Jun 26 21:21:55 +0000 2019,21:21:55,7,",1143992812364603392",,,,,,FALSE,FALSE,0,"BIG PLANS FOR LEXINGTON MARKET | ""'World-famous?' Let it be world-famous!"" said one longtime shopper. The historic‚Ä¶ https://t.co/H1S81VDBdE"
Wed Jun 26 21:21:55 +0000 2019,21:21:55,0,",1143992812003893253",Zac_Person,1.14E+18,1.14399E+18,312212192,312212192,FALSE,,0,@Zac_Person Dasani‚Äôs flavored seltzer‚Äôs are more my jam. Bubly is also pretty great. La Croix just hit the market e‚Ä¶ https://t.co/UKr8cRHh6k
Wed Jun 26 21:21:55 +0000 2019,21:21:55,0,",1143992811135676423",,,,,,FALSE,FALSE,0,The first step to get your home sold in this kind of market is to think hard about your pricing strategy.‚Ä¶ https://t.co/YjAwZ979mw
Wed Jun 26 21:21:54 +0000 2019,21:21:54,0,",1143992810187608064",,,,,,FALSE,FALSE,0,"There's something wrong with this rally in the stock market, JP Morgan says https://t.co/WYMhpcREhF"
Wed Jun 26 21:21:54 +0000 2019,21:21:54,0,",1143992809818476544",,,,,,FALSE,,0,„Éá„É¨„ÉÉÔºÅ„Éá„Éº„É¨„Éº„É¨„Éº„É¨„ÉÉÔºÅ„Éá„É¨„É¨„É¨„ÉÉ„Éá„É¨„É¨„ÉºÔºÅ(Black Market Blues)
Wed Jun 26 21:21:54 +0000 2019,21:21:54,0,",1143992806639374339",,,,,,FALSE,,1,"RT @SherbetMunson: @AlexBerenson @WSJopinion Magical thinking. A tiny group of moralistic, woefully uninformed mommies holding signs won't‚Ä¶"
Wed Jun 26 21:21:52 +0000 2019,21:21:52,0,",1143992800108847106",,,,,,FALSE,,20,RT @MoonOverlord: Exchanges aren‚Äôt ready for the next crypto bull market
Wed Jun 26 21:21:52 +0000 2019,21:21:52,0,",1143992798359638016",,,,,,FALSE,,0,"12„Äêin order to„ÄëÔΩû„Åô„Çã„Åü„ÇÅ„Å´‚Üí[In order for us to be competitive in the world market, we must control our costs]ÔºàÊàë„ÄÖ„Åå‰∏ñÁïåÂ∏ÇÂ†¥„ÅßÁ´∂‰∫âÂäõ„ÇíÊåÅ„Å§„Åü„ÇÅ„Å´„ÅØ„Ç≥„Çπ„Éà„ÇíÊäë„Åà„Å™„Åë„Çå„Å∞„Å™„Çâ„Å™„ÅÑÔºâ"
Wed Jun 26 21:21:52 +0000 2019,21:21:52,0,",1143992797881610240",,,,,,TRUE,FALSE,0,Because he‚Äôs making 25.6 million and he‚Äôs not making anything close to that on thevopen market. He‚Äôll take is 25.6‚Ä¶ https://t.co/zhs9cRtp2G
Wed Jun 26 21:21:51 +0000 2019,21:21:51,0,",1143992797357387778",,,,,,TRUE,,1002,"RT @IanDunt: The Swiss border, sweet mother of god. The one that's for a country in the single market. And still has fucking checks. https:‚Ä¶"
Wed Jun 26 21:21:51 +0000 2019,21:21:51,0,",1143992797260865537",,,,,,FALSE,,6,"RT @aleixsarri: Good news that the Danish government nominates @vestager for the @EU_Commission.

She has been by far the best commissioner‚Ä¶"
Wed Jun 26 21:21:51 +0000 2019,21:21:51,0,",1143992794383601665",,,,,,FALSE,FALSE,0,"What a day for the mid-week market!!! It's on 'till 8. Music, fresh food and produce, beer &amp; cider too!
Get your gr‚Ä¶ https://t.co/FACtEUgSZB"
Wed Jun 26 21:21:50 +0000 2019,21:21:50,0,",1143992793095909379",,,,,,FALSE,,858,"RT @wojespn: Phoenix has extended qualifying offer to Kelly Oubre Jr., which will make him a restricted free agent, league sources tell ESP‚Ä¶"
Wed Jun 26 21:21:49 +0000 2019,21:21:49,0,",1143992786250686464",,,,,,FALSE,FALSE,0,"These five stocks have gotten so big, they are essentially becoming the market https://t.co/YFRpTP44p3"
Wed Jun 26 21:21:49 +0000 2019,21:21:49,0,",1143992786213060610",,,,,,TRUE,FALSE,0,"Brazil &amp; others are capturing our sales market share to China. Long struggle to win it back, as an unreliable partn‚Ä¶ https://t.co/W9Cfykq1TN"
Wed Jun 26 21:21:48 +0000 2019,21:21:48,1,",1143992783423856645",,,,,,FALSE,FALSE,0,This is an $8 Billion market in the same way ‚Å¶@Uber‚Å© is worth $90 billion. https://t.co/vx5GP0sK1O
Wed Jun 26 21:21:48 +0000 2019,21:21:48,0,",1143992783319048193",,,,,,FALSE,FALSE,13,"RT @XrpCenter: New video uploaded by @Ripple.

Ripple Drop Extended - ""Market Oportunity"".

https://t.co/n16590Hce4"
Wed Jun 26 21:21:47 +0000 2019,21:21:47,0,",1143992780110196736",,,,,,FALSE,FALSE,0,‰ΩúÂìÅ„ÅÆË≤©Â£≤„ÇÇË°å„Å£„Å¶„Åä„Çä„Åæ„Åô„ÄÇ„ÄÄ„Ç™„É™„Ç∏„Éä„É´‰ΩúÂìÅ‚Üíhttps://t.co/kAc7mu0Oec„ÄÄPSYCHO-PASSÁ≠â„ÅÆ„Ç§„É°„Éº„Ç∏‰ΩúÂìÅ‚Üíhttps://t.co/sm9OeC2L9d
Wed Jun 26 21:21:45 +0000 2019,21:21:45,0,",1143992771759525888",,,,,,FALSE,FALSE,569,"RT @ImShillGates: Here's how this market works, in case you dumb fucks haven't figured it out yet https://t.co/sdCcPUIpio"
Wed Jun 26 21:21:45 +0000 2019,21:21:45,0,",1143992769758654464",BenFitz,1.14E+18,1.14311E+18,20901094,20901094,FALSE,FALSE,0,"@BenFitz @Dianah_SA @highasmike1 @72Hallam @TheAlexFragnito @UnitedInCompas1 @AMC_Signpost as High As Mike knows, s‚Ä¶ https://t.co/FwvH9GElBJ"
Wed Jun 26 21:21:44 +0000 2019,21:21:44,1,",1143992765782433793",,,,,,FALSE,FALSE,0,"GTL CEO Barinder Rasode:
""The process is so challenging that would-be growers are forced to hire consultants to get‚Ä¶ https://t.co/14kTQ7xcH6"
Wed Jun 26 21:21:44 +0000 2019,21:21:44,0,",1143992764402733056",,,,,,FALSE,,1,"RT @BitGiveOrg: In this exciting #bull market, it's a great time to join BitGive as a Sustaining Donor, Member, or make a one-time contribu‚Ä¶"
Wed Jun 26 21:21:41 +0000 2019,21:21:41,1,",1143992754445463554",mrstiffsbrand,1.14E+18,1.14399E+18,9.61E+17,9.61143E+17,FALSE,,0,@mrstiffsbrand @itzFrayoo @WaydeSean @clephtorion2 Go market
Wed Jun 26 21:21:40 +0000 2019,21:21:40,0,",1143992747629711360",,,,,,TRUE,FALSE,0,"Especially honest, market related trade! Not inflated tenderpreneur trade!! https://t.co/lhhp5nlneg"
Wed Jun 26 21:21:38 +0000 2019,21:21:38,0,",1143992742315536384",MthuliNcube,,,259214687,259214687,FALSE,,0,@MthuliNcube the market will certainly humble you. Its a matter of time. Worry amongst business and the general pub‚Ä¶ https://t.co/BcDrZZZQUE
Wed Jun 26 21:21:38 +0000 2019,21:21:38,0,",1143992740885258243",,,,,,FALSE,FALSE,0,"Dova Pharma' $DOVA settled +3.3% to $10.59. A break above the 200dma would be v' bullish, but the main market argue‚Ä¶ https://t.co/khHmwlGYhY"
Wed Jun 26 21:21:38 +0000 2019,21:21:38,0,",1143992740277100544",,,,,,TRUE,,9,"RT @iKarachiwala: $19B CAD of PMLN wasn‚Äôs scam
External debt from $62B to $90B wasn‚Äôt scam
$36B Trade Deficit wasn‚Äôt scam 
$3.7B Debt Repay‚Ä¶"
Wed Jun 26 21:21:38 +0000 2019,21:21:38,0,",1143992739450818562",,,,,,FALSE,,64,"RT @TimBontemps: The Raptors say Marc Gasol has exercised his player option for 2019-20. Always was expected, given the number of centers o‚Ä¶"
Wed Jun 26 21:21:37 +0000 2019,21:21:37,0,",1143992736774668288",,,,,,FALSE,,64,"RT @TimBontemps: The Raptors say Marc Gasol has exercised his player option for 2019-20. Always was expected, given the number of centers o‚Ä¶"
Wed Jun 26 21:21:36 +0000 2019,21:21:36,0,",1143992733205323776",,,,,,FALSE,,7,"RT @pike_place: We hosted a pride flag raising ceremony this morning in partnership with @GSBA. 

Thanks Pike Place Market PDA Council Chai‚Ä¶"
Wed Jun 26 21:21:35 +0000 2019,21:21:35,0,",1143992729749340160",,,,,,FALSE,,413,RT @GrantWahl: The secondary ticket market for #USA-#FRA is exploding. Women's World Cup TV audiences around the world are setting unexpect‚Ä¶
Wed Jun 26 21:21:34 +0000 2019,21:21:34,0,",1143992725659770881",,,,,,FALSE,FALSE,0,"Vertical market networks, effective startup names, Libra, Carbon, and Sidewalk Labs https://t.co/eRLoyMT9Ke https://t.co/lZ0Zc6BvB7"
Wed Jun 26 21:21:34 +0000 2019,21:21:34,0,",1143992723441143808",,,,,,FALSE,,43,"RT @TFMetals: The total amount of gold contracts on Comex reached 600,000 yesterday.
This is up from 500,000 three weeks ago.
If you don't‚Ä¶"
Wed Jun 26 21:21:33 +0000 2019,21:21:33,1,",1143992720693899265",,,,,,FALSE,,0,I guess Shildt wanted a parade down market for leading after 4 weeks?
Wed Jun 26 21:21:33 +0000 2019,21:21:33,0,",1143992718554804226",goal,1.14E+18,1.14381E+18,26809005,26809005,FALSE,,0,@goal Wilfred Ndidi his market price should be $50m plus not $15m üò©üò©
Wed Jun 26 21:21:32 +0000 2019,21:21:32,0,",1143992717866745856",,,,,,FALSE,,45,"RT @IEEFA_AsiaPac: European banks have said they don‚Äôt want to finance coal projects for a while, Japanese followed and now Singapore. Abou‚Ä¶"
Wed Jun 26 21:21:32 +0000 2019,21:21:32,0,",1143992717543989249",,,,,,FALSE,,776,RT @GrantWahl: The secondary ticket market for #USA-#FRA is exploding. The women's World Cup TV audiences around the world are setting unex‚Ä¶
Wed Jun 26 21:21:32 +0000 2019,21:21:32,0,",1143992715602014208",,,,,,FALSE,,1,"RT @StockmanNigeria: #Market News: #Cryptocurrency:  Bitcoin surges past $13,000, boosted by ‚ÄòFacebank‚Äô"
Wed Jun 26 21:21:30 +0000 2019,21:21:30,0,",1143992709075652610",,,,,,FALSE,,4,"RT @USAIDBGlick: Through #ProsperAfrica, @USAID aims to develop new trade and investment relationships between the U.S. and #Africa. Mutual‚Ä¶"
Wed Jun 26 21:21:30 +0000 2019,21:21:30,0,",1143992709063041025",chijs,1.14E+18,1.14399E+18,6658762,6658762,FALSE,,0,@chijs You mentioned several times the EMC team and tech is solid yet now market changes not in their benefit. I ha‚Ä¶ https://t.co/5KnWtpvqE1
Wed Jun 26 21:21:30 +0000 2019,21:21:30,0,",1143992709012606976",MagicPoopCannon,1.14E+18,1.14399E+18,9.61E+17,9.60613E+17,FALSE,,0,"@MagicPoopCannon Futures/options expire in 35 hrs

Waiting 50hrs to see how things look.

@MagicPoopCannon thoughts‚Ä¶ https://t.co/3pWcraIBab"
Wed Jun 26 21:21:30 +0000 2019,21:21:30,0,",1143992707167195141",,,,,,FALSE,,19356,RT @realDonaldTrump: Stock Market is heading for one of the best months (June) in the history of our Country. Thank you Mr. President!
Wed Jun 26 21:21:29 +0000 2019,21:21:29,0,",1143992702238937090",,,,,,FALSE,,3,"RT @CounselorsofRE: #CRETopTen 7. Capital Market Risk - As risk tolerance, perception of the market‚Äôs position in the cycle, and tastes and‚Ä¶"
Wed Jun 26 21:21:28 +0000 2019,21:21:28,0,",1143992699353272320",ColinUdoh,1.14E+18,1.14396E+18,91551958,91551958,FALSE,,0,@ColinUdoh @ToyinIbitoye üòÑüòÑüòÑüòÑ Calculator market have been close by Rohr
Wed Jun 26 21:21:28 +0000 2019,21:21:28,0,",1143992698329804801",,,,,,TRUE,,9,"RT @iKarachiwala: $19B CAD of PMLN wasn‚Äôs scam
External debt from $62B to $90B wasn‚Äôt scam
$36B Trade Deficit wasn‚Äôt scam 
$3.7B Debt Repay‚Ä¶"
Wed Jun 26 21:21:27 +0000 2019,21:21:27,0,",1143992696496783360",full8chan,1.14E+18,1.14399E+18,9.25E+17,9.25095E+17,FALSE,,0,@full8chan @DonaldJTrumpJr I‚Äôm not interested in subverting the free market. I‚Äôm asking consumers to speak with the‚Ä¶ https://t.co/jFjK5erdgp
Wed Jun 26 21:21:25 +0000 2019,21:21:25,0,",1143992688619880449",,,,,,FALSE,,564,RT @rsprasad: Employee cost of BSNL is 75.06% &amp; MTNL is 87.15% of their total income. The same for private telecom companies varies between‚Ä¶
Wed Jun 26 21:21:25 +0000 2019,21:21:25,0,",1143992685331656709",,,,,,FALSE,,10,"RT @BoycottUtah: After generations of exploitation &amp; providing a massive market for the illicit drug trade, America's treatment of Latin Am‚Ä¶"
Wed Jun 26 21:21:24 +0000 2019,21:21:24,0,",1143992682341109760",,,,,,FALSE,,872,"RT @TFWriter: THREAD: A thread on why #GlazersOut is happening and why every Manchester United fan should be concerned.

Signing Wan-Bissak‚Ä¶"
Wed Jun 26 21:21:24 +0000 2019,21:21:24,0,",1143992682185838592",sb057,1.14E+18,1.14397E+18,15051116,15051116,FALSE,,0,"@sb057 Wow, prices go up and prices go down based on new and expiring market forces? Someone call the newspaper."
Wed Jun 26 21:21:24 +0000 2019,21:21:24,0,",1143992682160672768",,,,,,FALSE,FALSE,0,"The Economics of Healthcare: Market Failure or Faulty Models? (Part 1) | Michel Accad, Anish Koka, Robert P. Murphy https://t.co/gt49XbVj2c"
Wed Jun 26 21:21:23 +0000 2019,21:21:23,0,",1143992677488181248",,,,,,FALSE,FALSE,0,Montreal‚Äôs real estate market might be entering a golden age https://t.co/7W0n7jc5o3 https://t.co/QtBdN4t08e
Wed Jun 26 21:21:23 +0000 2019,21:21:23,0,",1143992676192333826",,,,,,FALSE,,5,RT @addamschwartz: Rally this afternoon by @PhillyNewsGuild: Takin‚Äô it to the streets at Eighth and Market. #NoLayoffs https://t.co/Z3ZitYz‚Ä¶
Wed Jun 26 21:21:21 +0000 2019,21:21:21,0,",1143992670769025024",,,,,,TRUE,,179,RT @kofi_klu: This stupid logic be how wonna politicians dey finesse we sitting in trotro 1 month to elections and going to the market to ‚Äú‚Ä¶
Wed Jun 26 21:21:21 +0000 2019,21:21:21,0,",1143992668277673984",DanImmergluck,1.14E+18,1.14399E+18,1703186160,1703186160,FALSE,,0,@DanImmergluck @adamdharrell Commercial property is valued at around 50% of market on the whole of their tax bill.‚Ä¶ https://t.co/M4sCkAMcJT
Wed Jun 26 21:21:20 +0000 2019,21:21:20,0,",1143992665110749184",Market_DF,1.14E+18,1.14394E+18,1225555146,1225555146,FALSE,,0,"@Market_DF lol, I admit there was *some* loss of control during my driving!"
Wed Jun 26 21:21:17 +0000 2019,21:21:17,2,",1143992652297322496",,,,,,FALSE,FALSE,1,"Japan‚Äôs ivory market is fuelling the elephant poaching crisis, but we can help shut it down. Add your name &gt;&gt; https://t.co/1m5vSkwdtG"
Wed Jun 26 21:21:16 +0000 2019,21:21:16,0,",1143992650204360707",juvefcdotcom,1.14E+18,1.14399E+18,56098865,56098865,FALSE,,0,"@juvefcdotcom He‚Äôs 19, by the time he‚Äôs 25, the market price for top 3 or best CB  in the world will be somewhere a‚Ä¶ https://t.co/JEJBcvDo1O"
Wed Jun 26 21:21:16 +0000 2019,21:21:16,0,",1143992649264898050",ClayTravis,1.14E+18,1.14348E+18,50772918,50772918,FALSE,,0,"@ClayTravis But still there‚Äôs a market for human trafficking and sex slaves, yet racism and institutionalized racis‚Ä¶ https://t.co/FWFD7l3wOo"
Wed Jun 26 21:21:16 +0000 2019,21:21:16,0,",1143992648782483457",,,,,,FALSE,FALSE,0,#PhotoOfTheDay from BOXMAN fotologue : Shot in #Myanmar. Stood on the edge of the street market. Many people passed‚Ä¶ https://t.co/BRrzW2opDK
Wed Jun 26 21:21:16 +0000 2019,21:21:16,3,",1143992648551677952",,,,,,FALSE,,0,"Coinbase is down, so it‚Äôs officially a bull market again"
Wed Jun 26 21:21:16 +0000 2019,21:21:16,0,",1143992647280996352",,,,,,FALSE,,7,RT @NobleGG: We know you're in the market for improvement. Start with your peripherals. @LogitechG is your one stop shop for everything to‚Ä¶
Wed Jun 26 21:21:15 +0000 2019,21:21:15,0,",1143992646303490048",Taran_Pasricha,1.14E+18,1.14399E+18,404435150,404435150,FALSE,,0,"@PiyushGoyalOffc @PiyushGoyal @PiyushGoyalOffc @PiyushGoyal Amazon, Flipkart, Paytm, Netmed and so on should only b‚Ä¶ https://t.co/FrQhPHMBIt"
Wed Jun 26 21:21:15 +0000 2019,21:21:15,0,",1143992645208956931",Nagehanalci,1.14E+18,1.14038E+18,130593486,130593486,FALSE,,0,"@Nagehanalci Demokrasi sanada lazƒ±m nagehan.! 
Yanda≈ü gazeteciymi≈ü konu≈üamazmƒ±≈ü...
Konu≈üacak karde≈üim konu≈üacak..
S‚Ä¶ https://t.co/JSTKGe4xk3"
Wed Jun 26 21:21:15 +0000 2019,21:21:15,0,",1143992643258585088",,,,,,FALSE,FALSE,0,Ready for a change? This 2 BD/ 2 BA in Panama City Beach won't be on the market long.  https://t.co/s67MJRjDUw https://t.co/XFnf0c1z3C
Wed Jun 26 21:21:14 +0000 2019,21:21:14,1,",1143992641295671296",ripcurldog,1.14E+18,1.14398E+18,2952829165,2952829165,FALSE,,0,@ripcurldog @chainlinkmarket @AndrewP47809396 @BGIradji I don‚Äôt think so. The market is highly irrational and most‚Ä¶ https://t.co/eFK4NJkk05
Wed Jun 26 21:21:14 +0000 2019,21:21:14,0,",1143992639005646849",,,,,,FALSE,FALSE,0,Rally as in rapid increase of illegal market manipulation to a random walk? Lol https://t.co/j1qwmzVTik
Wed Jun 26 21:21:13 +0000 2019,21:21:13,1,",1143992637692817408",DonaldJTrumpJr,1.14E+18,1.14399E+18,39344374,39344374,FALSE,,0,"@DonaldJTrumpJr @JamesOKeefeIII The legitimate answer is that, these platforms are corporations, they ban those the‚Ä¶ https://t.co/ObN82mrdFF"
Wed Jun 26 21:21:13 +0000 2019,21:21:13,0,",1143992637189500928",,,,,,FALSE,FALSE,0,$SPX $SPY $ES_F $COMP $QQQ daily chart close with notes 6/26/19 https://t.co/u4QJ7vPRfN https://t.co/OaHHXnyuQR
Wed Jun 26 21:21:12 +0000 2019,21:21:12,0,",1143992630398849025",,,,,,FALSE,,121,"RT @UNODC: 2019 #WorldDrugReport is OUT NOW‚ùó
The study focuses on trends üìä &amp; market developments üìà.
More people suffering from drug use dis‚Ä¶"
Wed Jun 26 21:21:09 +0000 2019,21:21:09,0,",1143992621381115904",,,,,,FALSE,,0,#xrp our bullrun seems to be over even before to start! Other 14 months of bear market in view!?
Wed Jun 26 21:21:06 +0000 2019,21:21:06,0,",1143992607812571141",,,,,,FALSE,FALSE,0,Drinking a Sunshine City IPA by @GreenBenchBrew @ The Market at Ale &amp; Compass ‚Äî https://t.co/yzAfWNaFHt
Wed Jun 26 21:21:04 +0000 2019,21:21:04,0,",1143992598933254145",,,,,,FALSE,FALSE,763,RT @StoolGreenie: New Blog: Kevin Durant Is Officially On The Market And Ready To Get His Dick Sucked By NBA Teams https://t.co/hjvGD7qJgJ‚Ä¶
Wed Jun 26 21:21:04 +0000 2019,21:21:04,1,",1143992597926428672",,,,,,TRUE,FALSE,0,"A short-term, high-yield contract for Tobias would make the most sense for LAC if they do indeed have interest in h‚Ä¶ https://t.co/a2XTJbq2EZ"
Wed Jun 26 21:21:03 +0000 2019,21:21:03,0,",1143992593925246977",,,,,,FALSE,,8,RT @nick_tune: I think this is great news for disruption of the housing market - Ikea gets green light to build affordable homes in UK | Ik‚Ä¶
Wed Jun 26 21:21:03 +0000 2019,21:21:03,0,",1143992593564491776",frank_seravalli,,,73260722,73260722,FALSE,,0,@frank_seravalli Can Kyle Connor get 5 yrs at 8 mill on the market? I sure hope Winnipeg can sign him.
Wed Jun 26 21:21:03 +0000 2019,21:21:03,0,",1143992593510019072",,,,,,FALSE,,4,RT @philippsandner: Standards for tokens and crypto assets: We organize this meetup on Thursday which will focus on market standards for to‚Ä¶
Wed Jun 26 21:21:03 +0000 2019,21:21:03,0,",1143992593480638465",,,,,,FALSE,FALSE,300,"RT @ebuyhouseinc: In today‚Äôs real estate market, there‚Äôs no better time to buy than right now! And using ebuyhouse saves you 6% when sellin‚Ä¶"
Wed Jun 26 21:21:02 +0000 2019,21:21:02,0,",1143992591819653121",,,,,,FALSE,FALSE,0,$SFM / Sprouts Farmers Market files form 8-K https://t.co/PrwQBDSdui - Departure of Directors or Certain Officers;‚Ä¶ https://t.co/RfTBXN3rTP
Wed Jun 26 21:21:06 +0000 2019,21:21:06,0,",1143992607812571141",,,,,,FALSE,FALSE,0,Drinking a Sunshine City IPA by @GreenBenchBrew @ The Market at Ale &amp; Compass ‚Äî https://t.co/yzAfWNaFHt
Wed Jun 26 21:21:04 +0000 2019,21:21:04,0,",1143992598933254145",,,,,,FALSE,FALSE,763,RT @StoolGreenie: New Blog: Kevin Durant Is Officially On The Market And Ready To Get His Dick Sucked By NBA Teams https://t.co/hjvGD7qJgJ‚Ä¶
Wed Jun 26 21:21:04 +0000 2019,21:21:04,1,",1143992597926428672",,,,,,TRUE,FALSE,0,"A short-term, high-yield contract for Tobias would make the most sense for LAC if they do indeed have interest in h‚Ä¶ https://t.co/a2XTJbq2EZ"
Wed Jun 26 21:21:03 +0000 2019,21:21:03,0,",1143992593925246977",,,,,,FALSE,,8,RT @nick_tune: I think this is great news for disruption of the housing market - Ikea gets green light to build affordable homes in UK | Ik‚Ä¶
Wed Jun 26 21:21:03 +0000 2019,21:21:03,0,",1143992593564491776",frank_seravalli,,,73260722,73260722,FALSE,,0,@frank_seravalli Can Kyle Connor get 5 yrs at 8 mill on the market? I sure hope Winnipeg can sign him.
Wed Jun 26 21:21:03 +0000 2019,21:21:03,0,",1143992593510019072",,,,,,FALSE,,4,RT @philippsandner: Standards for tokens and crypto assets: We organize this meetup on Thursday which will focus on market standards for to‚Ä¶
Wed Jun 26 21:21:03 +0000 2019,21:21:03,0,",1143992593480638465",,,,,,FALSE,FALSE,300,"RT @ebuyhouseinc: In today‚Äôs real estate market, there‚Äôs no better time to buy than right now! And using ebuyhouse saves you 6% when sellin‚Ä¶"
Wed Jun 26 21:21:02 +0000 2019,21:21:02,0,",1143992591819653121",,,,,,FALSE,FALSE,0,$SFM / Sprouts Farmers Market files form 8-K https://t.co/PrwQBDSdui - Departure of Directors or Certain Officers;‚Ä¶ https://t.co/RfTBXN3rTP
Wed Jun 26 21:21:02 +0000 2019,21:21:02,0,",1143992588107702273",,,,,,FALSE,,3,"RT @gaborgurbacs: State of #Bitcoin &amp; #crypto markets YTD, as of 06/26/2019: 
+ Bitcoin ($MVBTC:) +261.3%
+ Blue Chips ($MVDA10): +154.4%
+‚Ä¶"
Wed Jun 26 21:21:01 +0000 2019,21:21:01,0,",1143992587440857090",,,,,,FALSE,,872,"RT @TFWriter: THREAD: A thread on why #GlazersOut is happening and why every Manchester United fan should be concerned.

Signing Wan-Bissak‚Ä¶"
Wed Jun 26 21:21:01 +0000 2019,21:21:01,55,",1143992586715242499",,,,,,FALSE,FALSE,6,"Kevin Durant Is Officially On The Market And Ready To Get His Dick Sucked By NBA Teams
https://t.co/4IYXY4psxQ https://t.co/NNrBntCA3Z"
Wed Jun 26 21:21:00 +0000 2019,21:21:00,0,",1143992581610790914",,,,,,FALSE,FALSE,0,How Transformative Trends in Pre-Zippered Pouches Market Are Molding Strategies of FLAIR Flexible Packaging Corpora‚Ä¶ https://t.co/KI5jXcZD0M
Wed Jun 26 21:20:59 +0000 2019,21:20:59,0,",1143992578922209283",,,,,,FALSE,,21,RT @ltarsenal: David Ornstein on fee for Tierney: Celtic could try and create a market and drive the player's price towards ¬£25m-30m. Howev‚Ä¶
Wed Jun 26 21:20:59 +0000 2019,21:20:59,0,",1143992577592582149",,,,,,FALSE,,0,I dont hold on to beats. Inly way the beat is off the market officially is if the exclusive was purchased or i sign‚Ä¶ https://t.co/fTt65ngPYY
Wed Jun 26 21:20:59 +0000 2019,21:20:59,0,",1143992577571639303",,,,,,FALSE,FALSE,96,RT @sasha35625: https://t.co/zpLSuIEy6c
Wed Jun 26 21:20:59 +0000 2019,21:20:59,0,",1143992576359456768",,,,,,FALSE,,8,"RT @MrsMThatcher: Whether manufactured by black, white, brown or yellow hands, a widget remains a widget and it will be bought anywhere if‚Ä¶"
Wed Jun 26 21:20:55 +0000 2019,21:20:55,1,",1143992561490640896",,,,,,FALSE,FALSE,0,"Big sell volume cause:
-Coinbase down
-Binance down

if you want to be ready and avoid this happened to you in the‚Ä¶ https://t.co/TGCbhu8syt"
Wed Jun 26 21:20:55 +0000 2019,21:20:55,1,",1143992560018501632",,,,,,FALSE,FALSE,1,Analysis: US #crudeoil exports hit new high; more #Permian crude expected in Gulf | https://t.co/ppRQ3TYval https://t.co/EfCYGkyF98
Wed Jun 26 21:20:53 +0000 2019,21:20:53,0,",1143992552057556992",,,,,,FALSE,,1336,"RT @APompliano: They were laughing at us in the bear market.

‚ÄúBitcoin is going to zero.‚Äù
‚ÄúBitcoin is worthless.‚Äù
‚ÄúBitcoin is down 80%.‚Äù

I‚Ä¶"
Wed Jun 26 21:20:52 +0000 2019,21:20:52,0,",1143992548962316297",,,,,,FALSE,,623,"RT @anotheracronym: Huge. üò± Ahead of the #DemDebate tonight, @realDonaldTrump purchased the Youtube masthead - one of the most expensive di‚Ä¶"
Wed Jun 26 21:20:52 +0000 2019,21:20:52,0,",1143992546588127232",,,,,,FALSE,,19356,RT @realDonaldTrump: Stock Market is heading for one of the best months (June) in the history of our Country. Thank you Mr. President!
Wed Jun 26 21:20:50 +0000 2019,21:20:50,1,",1143992540892422145",,,,,,TRUE,FALSE,0,how come every other team can sell their players for way more than their market value whereas milan sells them for‚Ä¶ https://t.co/cypJqE9gfk
Wed Jun 26 21:20:50 +0000 2019,21:20:50,0,",1143992539801894917",BallThen,1.14E+18,1.14399E+18,1.10E+18,1.09867E+18,FALSE,,0,"@BallThen If you want Gentry as coach, need to provide lineup most suitable to his style of play.  That would be Zi‚Ä¶ https://t.co/VZVnUBTLcD"
Wed Jun 26 21:20:48 +0000 2019,21:20:48,0,",1143992532340101120",,,,,,FALSE,,21,"RT @galleryantiques: #galleryantiques Chediston St #Halesworth #Suffolk is open today, but I will be closing early, 1pm due to hospital app‚Ä¶"
Wed Jun 26 21:20:48 +0000 2019,21:20:48,0,",1143992532176707587",,,,,,FALSE,,858,"RT @wojespn: Phoenix has extended qualifying offer to Kelly Oubre Jr., which will make him a restricted free agent, league sources tell ESP‚Ä¶"
Wed Jun 26 21:20:47 +0000 2019,21:20:47,0,",1143992527252385797",,,,,,TRUE,FALSE,0,"If I had to bet on one of these,  I would choose the Titans.

My biggest gap is the Jaguars, but I'm down on them r‚Ä¶ https://t.co/kfULOXIrhw"
Wed Jun 26 21:20:47 +0000 2019,21:20:47,0,",1143992526883512329",,,,,,FALSE,,63,"RT @SJosephBurns: Curious what blue print Peter Lynch used to pick stocks? 
Trailing P/E&lt;25
Forward P/E&lt;15 
Debt to Equity Ratio &lt;35% 
EPS‚Ä¶"
Wed Jun 26 21:20:47 +0000 2019,21:20:47,0,",1143992525918756864",,,,,,FALSE,,146,"RT @Cointelegraph: Bitcoin breaks $13,000 as crypto market rally continues"
Wed Jun 26 21:20:46 +0000 2019,21:20:46,0,",1143992522953412609",,,,,,FALSE,,3,RT @ncs_business1: Stock market trading over so now for a tour of the university. #UniLife @ManchesterUniv @NorthChadderton @NCS_SixthForm‚Ä¶
Wed Jun 26 21:20:46 +0000 2019,21:20:46,0,",1143992522630414336",,,,,,FALSE,,1393,"RT @GautamGambhir: I'm glad to inform you of the completion of phase 2 of the CCTV camera installation at Block 15, Trilokpuri of my consti‚Ä¶"
Wed Jun 26 21:20:45 +0000 2019,21:20:45,1,",1143992517328658432",,,,,,FALSE,,0,Bitcoin sneezes &amp; altcoins feels the tremor. Crypto market to dump hard.
Wed Jun 26 21:20:44 +0000 2019,21:20:44,0,",1143992516699709441",,,,,,FALSE,FALSE,0,Greg marketstall is handing out surplus bushels. Grab one now! https://t.co/GOzkPTnjEv
Wed Jun 26 21:20:44 +0000 2019,21:20:44,0,",1143992514933940227",markgoldbridge,1.14E+18,1.14383E+18,3065788517,3065788517,FALSE,,0,@markgoldbridge It‚Äôs actually fairly easy to make money gambling on transfers I find. Small market meaning odds can‚Ä¶ https://t.co/4jrNE4nwiC
Wed Jun 26 21:20:44 +0000 2019,21:20:44,0,",1143992514246037511",whitebiirch,1.14E+18,1.14399E+18,388480219,388480219,FALSE,,0,@whitebiirch ayranpƒ±nar market sizin mƒ±
Wed Jun 26 21:20:44 +0000 2019,21:20:44,0,",1143992512920473600",rcwhalen,1.14E+18,1.14398E+18,27212395,27212395,FALSE,,0,"@rcwhalen I NEVER gave up on the Bond Bull Market.  When Gross &amp; El Erian came up with the term ""New Normal"" that w‚Ä¶ https://t.co/PL48nCoUtY"
Wed Jun 26 21:20:43 +0000 2019,21:20:43,0,",1143992512027271169",,,,,,FALSE,FALSE,0,‚ÄúSail‚Äù on over to lido_farmers_market and join us today for some amazing locally produced goodies!! ‚õµÔ∏èüõ∂üèñüå±üßÄüçáü•íüçíüçêüçé‚Ä¶ https://t.co/KXtYazq27Y
Wed Jun 26 21:20:43 +0000 2019,21:20:43,0,",1143992511523893249",,,,,,FALSE,,80,RT @cathfeely: Newsflash: all History departments in the UK have good people in them. The ridiculous academic job market in our subject is‚Ä¶
Wed Jun 26 21:20:42 +0000 2019,21:20:42,2,",1143992508302725120",,,,,,FALSE,FALSE,0,"PRESIDENT TRUMP Slams Fed Chair Again for Raising Rates, Stalling Economy, Crashing Market: ""It's Insane... Our Mar‚Ä¶ https://t.co/ISkuksAfsj"
Wed Jun 26 21:20:42 +0000 2019,21:20:42,0,",1143992507925184512",,,,,,FALSE,FALSE,763,RT @StoolGreenie: New Blog: Kevin Durant Is Officially On The Market And Ready To Get His Dick Sucked By NBA Teams https://t.co/hjvGD7qJgJ‚Ä¶
Wed Jun 26 21:20:42 +0000 2019,21:20:42,0,",1143992504267808769",Theoretic_AnCap,1.14E+18,1.14399E+18,1520879526,1520879526,FALSE,,0,"@samditzhazy Frankly, America is and was meant to be a ‚Äúdumping ground‚Äù for anyone desiring freedom, opportunity, a‚Ä¶ https://t.co/eiZmPmEusu"
Wed Jun 26 21:20:41 +0000 2019,21:20:41,0,",1143992502845923329",,,,,,FALSE,,2,RT @pvmagazineusa: Solar investing across all market segments: An interview with Marc Pangburn of Hannon Amstrong: In this interview Marc P‚Ä¶
Wed Jun 26 21:20:39 +0000 2019,21:20:39,0,",1143992492238561281",,,,,,FALSE,,3,RT @strategyand: The time has come for a new approach to improve retail banks' profitability. Find out why it is not the right approach to‚Ä¶
Wed Jun 26 21:20:38 +0000 2019,21:20:38,0,",1143992491324125185",,,,,,FALSE,,276,"RT @wallahbro_: Over 60,000 tweets using the #GlazersOUT 

The number one trend worldwide 

Manchester City have spent over ¬£1,000,000,000‚Ä¶"
Wed Jun 26 21:20:38 +0000 2019,21:20:38,0,",1143992490409758721",,,,,,FALSE,,276,"RT @wallahbro_: Over 60,000 tweets using the #GlazersOUT 

The number one trend worldwide 

Manchester City have spent over ¬£1,000,000,000‚Ä¶"
Wed Jun 26 21:20:38 +0000 2019,21:20:38,0,",1143992488270737409",CharmCity87,1.14E+18,1.14399E+18,26356806,26356806,FALSE,,0,"@CharmCity87 Lmao. Man that statistic is skewed. It‚Äôs just a raw number. Doesn‚Äôt factor in locality, age, etc. and‚Ä¶ https://t.co/KjTzM0HX1H"
Wed Jun 26 21:20:38 +0000 2019,21:20:38,0,",1143992488232914944",,,,,,FALSE,FALSE,18,RT @StockCats: @RampCapitalLLC thank you for jinxing the market - again https://t.co/VrGvF60JuX
Wed Jun 26 21:20:38 +0000 2019,21:20:38,0,",1143992488002281473",,,,,,FALSE,,1,"RT @110101notabot: @davidharsanyi @continetti Well, your house has regulated utilities. 
You buy food every day that's not poison.
Social S‚Ä¶"
Wed Jun 26 21:20:37 +0000 2019,21:20:37,0,",1143992485024325635",,,,,,FALSE,FALSE,0,Wtf? @CryptoCobain manipulating the market again smh ü§¶‚Äç‚ôÇÔ∏è https://t.co/sKOHk5MjIZ
Wed Jun 26 21:20:37 +0000 2019,21:20:37,0,",1143992483237584898",gordonblackburn,1.14E+18,1.14399E+18,66370604,66370604,FALSE,,0,"@gordonblackburn Indeed, clearly journalists felt threatened as this is the market they wanted..."
Wed Jun 26 21:20:35 +0000 2019,21:20:35,1,",1143992475985559552",,,,,,FALSE,,0,I think you closed the market on purpose. This is comical. You just screwed everyone who invested in Cryptos on you‚Ä¶ https://t.co/8cELg6eZTN
Wed Jun 26 21:20:35 +0000 2019,21:20:35,0,",1143992475570380800",,,,,,FALSE,FALSE,4,RT @TauhidChappell: Views from 801 Market St outside The @PhillyInquirer #Philly https://t.co/gBStmqVPrh
Wed Jun 26 21:20:35 +0000 2019,21:20:35,0,",1143992474848890883",,,,,,FALSE,,2,"RT @sonicanne1: Petition: Japan‚Äôs ivory market is fuelling the elephant poaching crisis, but we can help shut it down. Add your name &gt;&gt; htt‚Ä¶"
Wed Jun 26 21:20:34 +0000 2019,21:20:34,0,",1143992473942781952",JamesOKeefeIII,1.14E+18,1.14387E+18,16989178,16989178,FALSE,,0,@JamesOKeefeIII @tarahtalk @SusanWojcicki @Project_Veritas Whiny conservatives hate regulation except when it benef‚Ä¶ https://t.co/z0nW7cFDra
Wed Jun 26 21:20:33 +0000 2019,21:20:33,0,",1143992468255465475",,,,,,FALSE,,0,SPY closed up 0.16 percent at 294 The 200 day SMA is at 277 The market is 5.8 percent above the 200 day SMA
Wed Jun 26 21:20:33 +0000 2019,21:20:33,0,",1143992468226097152",,,,,,FALSE,,0,"My mate believes in ''wednesday reversals'' and thinks the market makers plan it out.
Is he:"
Wed Jun 26 21:20:33 +0000 2019,21:20:33,0,",1143992468179865600",,,,,,FALSE,FALSE,0,Thanks everyone for joining me for Jurassic World Evolution! It was super cool and we were even the #1 JW streamer‚Ä¶ https://t.co/7v5E5tR25s
Wed Jun 26 21:20:33 +0000 2019,21:20:33,0,",1143992466418352131",,,,,,FALSE,,413,RT @GrantWahl: The secondary ticket market for #USA-#FRA is exploding. Women's World Cup TV audiences around the world are setting unexpect‚Ä¶
Wed Jun 26 21:20:32 +0000 2019,21:20:32,0,",1143992465017507841",,,,,,FALSE,,2,RT @moon_shine15: ETH and BCH are better setup for gains going forward as i expect those top tier alts to start gaining in their pairings a‚Ä¶
Wed Jun 26 21:20:32 +0000 2019,21:20:32,0,",1143992462534332417",,,,,,FALSE,,25,RT @selena6914: @ EVERYONE : do NOT go to the GALT Flea Market tomorrow!! ICE is rumored to be preparing to raid it &amp; take people üôÅ BE SAFE‚Ä¶
Wed Jun 26 21:20:31 +0000 2019,21:20:31,0,",1143992461469130757",,,,,,FALSE,,4,RT @philippsandner: Standards for tokens and crypto assets: We organize this meetup on Thursday which will focus on market standards for to‚Ä¶
Wed Jun 26 21:20:29 +0000 2019,21:20:29,0,",1143992452476538880",,,,,,FALSE,,7,RT @NobleGG: We know you're in the market for improvement. Start with your peripherals. @LogitechG is your one stop shop for everything to‚Ä¶
Wed Jun 26 21:20:28 +0000 2019,21:20:28,0,",1143992446721888256",,,,,,FALSE,FALSE,0,It's deals like this that hardly ever stay on the market! #beautifulhome #homesweethome  https://t.co/yyY0MvJSFt https://t.co/4IsOgYZYr8
Wed Jun 26 21:20:27 +0000 2019,21:20:27,0,",1143992444029194241",,,,,,FALSE,,25,"RT @SoledadFrancis: If you think the banking families are going to cancel trillions of dollars in student loan debt, you're beyond delusion‚Ä¶"
Wed Jun 26 21:20:27 +0000 2019,21:20:27,0,",1143992442779328512",danielstorey85,1.14E+18,1.14388E+18,229493030,229493030,FALSE,,0,@danielstorey85 Bargain in this market
Wed Jun 26 21:20:26 +0000 2019,21:20:26,0,",1143992440950411264",,,,,,FALSE,,7,RT @MedTechStrat: Did you know we're offering a FREE download of the 1st issue of @MedTechStrat Market Pathways? Stay up-to-date with what'‚Ä¶
Wed Jun 26 21:20:26 +0000 2019,21:20:26,0,",1143992439235063819",,,,,,FALSE,FALSE,0,The price of $ETH is: $328.628819939 as of 2019-06-26 21:20:26                                  Market Cap: $350497‚Ä¶ https://t.co/aGh5LdNFrw
Wed Jun 26 21:20:26 +0000 2019,21:20:26,0,",1143992438115188736",heisenbergrpt,1.14E+18,1.14399E+18,8.11E+17,8.11218E+17,FALSE,FALSE,0,@heisenbergrpt Many of the core don't seem to be supportive of laissez faire capitalism instead they want cronyism‚Ä¶ https://t.co/hfCSuHcpnz
Wed Jun 26 21:20:26 +0000 2019,21:20:26,0,",1143992437398003717",,,,,,FALSE,,288,"RT @Haggis_UK: Ken Clarke - The immediate effects we would face on the 1st of November, with a #NoDealBrexit, would be no regularised arran‚Ä¶"
Wed Jun 26 21:20:24 +0000 2019,21:20:24,0,",1143992431374942210",,,,,,FALSE,FALSE,0,"Bradesco launches Bovespa Index ETF on Wednesday - https://t.co/2rk796vhFu
https://t.co/H13XJCxrTC"
Wed Jun 26 21:20:24 +0000 2019,21:20:24,8,",1143992428703207426",,,,,,FALSE,,1,Shill me some alts that you think will out perform the market. Please type more than just ticker ( $XXX) symbols.
Wed Jun 26 21:20:23 +0000 2019,21:20:23,0,",1143992425356156929",,,,,,FALSE,,8,"RT @billhester: Here's the stock market version of when the Conference Board's Jobs Hard To Get series pops higher. Also, look for a big dr‚Ä¶"
Wed Jun 26 21:20:23 +0000 2019,21:20:23,0,",1143992424861196288",,,,,,FALSE,,288,"RT @Haggis_UK: Ken Clarke - The immediate effects we would face on the 1st of November, with a #NoDealBrexit, would be no regularised arran‚Ä¶"
Wed Jun 26 21:20:23 +0000 2019,21:20:23,0,",1143992424517263360",,,,,,FALSE,FALSE,0,Are you targeting the right market? Click link to learn how to identify your true target market (once and for all):‚Ä¶ https://t.co/URfQ8kreEe
Wed Jun 26 21:20:22 +0000 2019,21:20:22,0,",1143992424278237184",,,,,,FALSE,,220,"RT @ElizabethBangs: Dear @Jeremy_Hunt Here's a form of Brexit that would suit Remainers:
* staying in the single market with its four freed‚Ä¶"
Wed Jun 26 21:20:22 +0000 2019,21:20:22,1,",1143992422248132608",,,,,,TRUE,FALSE,1,"Mind boggling. To add more:

Stock market down: giving poor opportunity to invest

Gold price high: to eradicate do‚Ä¶ https://t.co/ZRIX1MxBpi"
Wed Jun 26 21:20:21 +0000 2019,21:20:21,0,",1143992417676398592",,,,,,FALSE,,18,"RT @wild50: @officialmcafee @tokenpay privacy as a choice, one of the largest #ecosystems in the #market for sure, #TOP 50 #blockchain, @de‚Ä¶"
Wed Jun 26 21:20:20 +0000 2019,21:20:20,0,",1143992414169894912",,,,,,FALSE,FALSE,0,"""U.S. Versus China: A New Era of Great Power Competition, but Without Boundaries"" https://t.co/BWyalO1K4m #ai‚Ä¶ https://t.co/1bltgZLMyJ"
Wed Jun 26 21:20:17 +0000 2019,21:20:17,0,",1143992402987945984",,,,,,TRUE,,1,RT @jusssyyin: They‚Äôre gonna divide the market up too much it‚Äôll no longer be convenient. Perfect opportunity for cable to make a comeback.‚Ä¶
Wed Jun 26 21:20:17 +0000 2019,21:20:17,0,",1143992400957923329",,,,,,FALSE,FALSE,0,"Government tries to reduce natural gas price with market opening; UNDERSTAND - G1
https://t.co/YxhXE7VEBQ"
Wed Jun 26 21:20:16 +0000 2019,21:20:16,0,",1143992396616740864",,,,,,FALSE,FALSE,0,"ÿ™ÿ®ÿßŸäŸÜ ŸÖÿ§ÿ¥ÿ±ÿßÿ™ ŸàŸàŸÑ ÿ≥ÿ™ÿ±Ÿäÿ™ ÿ®ŸÜŸáÿßŸäÿ© ÿßŸÑÿ™ÿπÿßŸÖŸÑÿ™
https://t.co/PUA23vMRZ7
#UAE #Dubai #noor_trends #noor_capital
#ÿ£ÿ≥ÿπÿßÿ±_ÿßŸÑÿ£ÿ≥ŸáŸÖ‚Ä¶ https://t.co/VFsuKXiQUA"
Wed Jun 26 21:20:15 +0000 2019,21:20:15,0,",1143992394838396929",notoriousrjn,1.14E+18,1.14399E+18,2198637547,2198637547,FALSE,,0,@notoriousrjn I just can‚Äôt see myself offering Butler a max when guys like Kawhi or Durant are on the market for a‚Ä¶ https://t.co/EIjNMnR7km
Wed Jun 26 21:20:15 +0000 2019,21:20:15,0,",1143992393286541312",,,,,,FALSE,FALSE,763,RT @StoolGreenie: New Blog: Kevin Durant Is Officially On The Market And Ready To Get His Dick Sucked By NBA Teams https://t.co/hjvGD7qJgJ‚Ä¶
Wed Jun 26 21:20:15 +0000 2019,21:20:15,0,",1143992392812564483",,,,,,FALSE,FALSE,0,Global Selective Catalytic Reduction (SCR) Market 2019 Study And Analysis Research Report Forecast To¬†2023‚Ä¶ https://t.co/JwhJWRA1VI
Wed Jun 26 21:20:15 +0000 2019,21:20:15,0,",1143992391675854849",,,,,,FALSE,FALSE,0,"Global Rapid Microbiology Testing Market Revenue, Demand, Opportunity, Segment and Key Trends¬†2019‚Ä¶ https://t.co/ztXIwrdsx0"
Wed Jun 26 21:20:15 +0000 2019,21:20:15,0,",1143992391617134592",,,,,,FALSE,FALSE,0,"Global Respiratory Drug Delivery Market | Growth, Trends, and Forecast¬†(2016-2021) https://t.co/OtdtH7ovS0 https://t.co/QcfwZFvfLQ"
Wed Jun 26 21:20:14 +0000 2019,21:20:14,0,",1143992389859782656",,,,,,FALSE,,1,RT @CopperConsult: The @CommonsPAC has identified issues with the planning system and a lack of a clear vision from the government as likel‚Ä¶
Wed Jun 26 21:20:13 +0000 2019,21:20:13,1,",1143992382779584513",STLBluesChirp,1.14E+18,1.14397E+18,9.59E+17,9.59243E+17,FALSE,,0,"@STLBluesChirp @PierreVLeBrun Even if Binny is given a bridge deal of 2 years, 4 million AAV, you‚Äôd have 2 goalies‚Ä¶ https://t.co/udbPb2EkTW"
Wed Jun 26 21:20:12 +0000 2019,21:20:12,0,",1143992381273968642",,,,,,FALSE,,6212,"RT @SuperStarBTStwt: #SuperStarBTS ÎÖ∏Îûò ÏßÑÏßúÏßÑÏßúÏßÑÏßúÎ£® Ï¢ãÏùÄ ÏßÑÏßúÎ£®.. #JamaisVu updated!

Summer Event is here! Free Gift Every 12 PM KST! Get It From You‚Ä¶"
Wed Jun 26 21:20:10 +0000 2019,21:20:10,0,",1143992370775674887",,,,,,FALSE,FALSE,0,"For the second year running, I kicked off my Summer Bridge classes with ""Johnny America on the Black Market"" by‚Ä¶ https://t.co/HQZsSiQHh7"
Wed Jun 26 21:20:10 +0000 2019,21:20:10,0,",1143992370620506112",,,,,,FALSE,,44,RT @EU_Commission: Expert group on #artificialintelligence shares 33 policy and investment recommendations to support trustworthy #AI in Eu‚Ä¶
Wed Jun 26 21:20:09 +0000 2019,21:20:09,0,",1143992366384201738",,,,,,FALSE,FALSE,1,BOLSA EUA-Setor de sa√∫de pressiona e S&amp;P 500 fecha em baixa - https://t.co/p9CjfqkI0E
Wed Jun 26 21:20:09 +0000 2019,21:20:09,0,",1143992365977415680",,,,,,FALSE,,0,Independent agents represent a # of companies to meet the needs of the client. Independent agents are well trained‚Ä¶ https://t.co/cMO21KfkZD
Wed Jun 26 21:20:07 +0000 2019,21:20:07,3,",1143992360977797120",Eric_C_Fraley,1.14E+18,1.14399E+18,995253968,995253968,FALSE,,1,@Eric_C_Fraley @BEASTfromEAST73 Imagine if instead of those $ going to Sallie Mae they're freed up and able to flow‚Ä¶ https://t.co/juuYSOurdd
Wed Jun 26 21:20:07 +0000 2019,21:20:07,0,",1143992360600129537",,,,,,FALSE,,2868,"RT @chrissyteigen: My mom just made a regional type of pad thai, from Korat, which is saucier and sweeter (and a little spicier) - oh man i‚Ä¶"
Wed Jun 26 21:20:07 +0000 2019,21:20:07,0,",1143992360302501888",,,,,,FALSE,FALSE,0,New post: ‚ÄòAustralia is failing to combat dirty money entering the property market‚Äô https://t.co/JJrp67hxxP
Wed Jun 26 21:20:07 +0000 2019,21:20:07,0,",1143992359824297985",,,,,,FALSE,,0,Crypto market is for savages only üòÇ thanks whomever you are. I‚Äôd much rather keep filling my bags at these lower prices ü§ØüòÇüòâ
Wed Jun 26 21:20:07 +0000 2019,21:20:07,0,",1143992359425839104",,,,,,FALSE,FALSE,0,Outside the U.S. the organ transplant situation is questionable. #Bioethics https://t.co/jPtpf3rVpO
Wed Jun 26 21:20:13 +0000 2019,21:20:13,1,",1143992382779584513",STLBluesChirp,1.14E+18,1.14397E+18,9.59E+17,9.59243E+17,FALSE,,0,"@STLBluesChirp @PierreVLeBrun Even if Binny is given a bridge deal of 2 years, 4 million AAV, you‚Äôd have 2 goalies‚Ä¶ https://t.co/udbPb2EkTW"
Wed Jun 26 21:20:12 +0000 2019,21:20:12,0,",1143992381273968642",,,,,,FALSE,,6212,"RT @SuperStarBTStwt: #SuperStarBTS ÎÖ∏Îûò ÏßÑÏßúÏßÑÏßúÏßÑÏßúÎ£® Ï¢ãÏùÄ ÏßÑÏßúÎ£®.. #JamaisVu updated!

Summer Event is here! Free Gift Every 12 PM KST! Get It From You‚Ä¶"
Wed Jun 26 21:20:10 +0000 2019,21:20:10,0,",1143992370775674887",,,,,,FALSE,FALSE,0,"For the second year running, I kicked off my Summer Bridge classes with ""Johnny America on the Black Market"" by‚Ä¶ https://t.co/HQZsSiQHh7"
Wed Jun 26 21:20:10 +0000 2019,21:20:10,0,",1143992370620506112",,,,,,FALSE,,44,RT @EU_Commission: Expert group on #artificialintelligence shares 33 policy and investment recommendations to support trustworthy #AI in Eu‚Ä¶
Wed Jun 26 21:20:09 +0000 2019,21:20:09,0,",1143992366384201738",,,,,,FALSE,FALSE,1,BOLSA EUA-Setor de sa√∫de pressiona e S&amp;P 500 fecha em baixa - https://t.co/p9CjfqkI0E
Wed Jun 26 21:20:09 +0000 2019,21:20:09,0,",1143992365977415680",,,,,,FALSE,,0,Independent agents represent a # of companies to meet the needs of the client. Independent agents are well trained‚Ä¶ https://t.co/cMO21KfkZD
Wed Jun 26 21:20:07 +0000 2019,21:20:07,3,",1143992360977797120",Eric_C_Fraley,1.14E+18,1.14399E+18,995253968,995253968,FALSE,,1,@Eric_C_Fraley @BEASTfromEAST73 Imagine if instead of those $ going to Sallie Mae they're freed up and able to flow‚Ä¶ https://t.co/juuYSOurdd
Wed Jun 26 21:20:07 +0000 2019,21:20:07,0,",1143992360600129537",,,,,,FALSE,,2868,"RT @chrissyteigen: My mom just made a regional type of pad thai, from Korat, which is saucier and sweeter (and a little spicier) - oh man i‚Ä¶"
Wed Jun 26 21:20:07 +0000 2019,21:20:07,0,",1143992360302501888",,,,,,FALSE,FALSE,0,New post: ‚ÄòAustralia is failing to combat dirty money entering the property market‚Äô https://t.co/JJrp67hxxP
Wed Jun 26 21:20:07 +0000 2019,21:20:07,0,",1143992359824297985",,,,,,FALSE,,0,Crypto market is for savages only üòÇ thanks whomever you are. I‚Äôd much rather keep filling my bags at these lower prices ü§ØüòÇüòâ
Wed Jun 26 21:20:07 +0000 2019,21:20:07,0,",1143992359425839104",,,,,,FALSE,FALSE,0,Outside the U.S. the organ transplant situation is questionable. #Bioethics https://t.co/jPtpf3rVpO
Wed Jun 26 21:20:06 +0000 2019,21:20:06,0,",1143992355760025600",,,,,,FALSE,,73,RT @POOPSCRUFFIN4U: All sex is choke sex when you're getting strangled by the invisible hand of the free market.
Wed Jun 26 21:20:06 +0000 2019,21:20:06,0,",1143992354967367680",,,,,,FALSE,FALSE,0,In the market for a new car? https://t.co/5YJmb2ZHqY via @myCCCU
Wed Jun 26 21:20:06 +0000 2019,21:20:06,0,",1143992354216534017",,,,,,FALSE,FALSE,0,Save time and money and get your patented product in front of investors who can help bring it to market.  Learn Mor‚Ä¶ https://t.co/LBMlbLIceb
Wed Jun 26 21:20:05 +0000 2019,21:20:05,0,",1143992351699939335",wayfairwalkout,1.14E+18,1.14357E+18,1.14E+18,1.14354E+18,FALSE,,0,@wayfairwalkout I'm in the market for some storage cabinets. I'll be sure to look elsewhere. No @Wayfair for me.
Wed Jun 26 21:20:05 +0000 2019,21:20:05,0,",1143992350080929792",DylanBchillin00,1.14E+18,1.14399E+18,2390147936,2390147936,FALSE,,0,@DylanBchillin00 @xSpion @PlayStationEU Vive Pro still got no eye-tracking.  Vive Pro Eye is the first coming to ma‚Ä¶ https://t.co/XaEPThKTZY
Wed Jun 26 21:20:03 +0000 2019,21:20:03,0,",1143992344116641792",,,,,,FALSE,,872,"RT @TFWriter: THREAD: A thread on why #GlazersOut is happening and why every Manchester United fan should be concerned.

Signing Wan-Bissak‚Ä¶"
Wed Jun 26 21:20:03 +0000 2019,21:20:03,0,",1143992342656905216",,,,,,FALSE,,10,"RT @BoycottUtah: After generations of exploitation &amp; providing a massive market for the illicit drug trade, America's treatment of Latin Am‚Ä¶"
Wed Jun 26 21:20:03 +0000 2019,21:20:03,0,",1143992342615142401",,,,,,FALSE,FALSE,0,Coinmarketcap Makes Acquisition of Hashtag Capital to Enhance ‚ÄòTrue Price' Crypto... https://t.co/xF85oe6uuw
Wed Jun 26 21:20:03 +0000 2019,21:20:03,0,",1143992342569000960",,,,,,FALSE,FALSE,0,For a new way to work with Off Market #TOMOWorld https://t.co/yqDKsgdhPI #Superyacht
Wed Jun 26 21:20:02 +0000 2019,21:20:02,0,",1143992338458583040",,,,,,FALSE,FALSE,0,EPA breathes new life into controversial Alaska mining project - https://t.co/0hryl3V2aM
Wed Jun 26 21:20:00 +0000 2019,21:20:00,0,",1143992329436651521",,,,,,FALSE,,413,RT @GrantWahl: The secondary ticket market for #USA-#FRA is exploding. Women's World Cup TV audiences around the world are setting unexpect‚Ä¶
Wed Jun 26 21:20:00 +0000 2019,21:20:00,12,",1143992328518086657",,,,,,FALSE,FALSE,4,"üòÇSouth ParküòÇ It's gone. It's all gone....
""Well that's fantastic, a really smart decision, young man. We can put th‚Ä¶ https://t.co/jWXY0P9QgL"
Wed Jun 26 21:19:59 +0000 2019,21:19:59,0,",1143992327591157760",disco_socialist,1.14E+18,1.14399E+18,14949094,14949094,FALSE,,0,@disco_socialist Yeah these people don't realize that the free market they idolize is rejecting their ideas.
Wed Jun 26 21:19:57 +0000 2019,21:19:57,1,",1143992317688176640",,,,,,FALSE,FALSE,0,First to Market Equine Cannabis Brand Launches in Canada https://t.co/RtZEe1eAnW
Wed Jun 26 21:19:57 +0000 2019,21:19:57,0,",1143992316316803072",john_doe_12354,1.14E+18,1.14399E+18,85813997,85813997,FALSE,,0,@john_doe_12354 The global cryptocurrency market climbs $ 20 billion in a matter of hours...
Wed Jun 26 21:19:55 +0000 2019,21:19:55,0,",1143992310746755075",,,,,,FALSE,,15,RT @edithasamani: @kwasiSELASSIE @sammykissi @youthsdgssummit @UNFPAGHANA @YAMghana #MarianKpakpa highlights internships and career counsel‚Ä¶
Wed Jun 26 21:19:55 +0000 2019,21:19:55,0,",1143992309320691712",,,,,,FALSE,FALSE,0,"Parts of Ontario's housing market are down 30%, two years after new rules to cool it down https://t.co/wrMl5x5ssY"
Wed Jun 26 21:19:55 +0000 2019,21:19:55,0,",1143992307521380355",,,,,,FALSE,,10,"RT @BoycottUtah: After generations of exploitation &amp; providing a massive market for the illicit drug trade, America's treatment of Latin Am‚Ä¶"
Wed Jun 26 21:19:53 +0000 2019,21:19:53,0,",1143992302756671488",,,,,,FALSE,,18,RT @MythicPicnic: The invisible hand of the free market strangles writers and artists in their sleep.
Wed Jun 26 21:19:53 +0000 2019,21:19:53,0,",1143992302634983424",,,,,,FALSE,,4,"RT @MyWallStHQ: Start making your money work for you!

For the next 24 hours, new users can access all of the market-beating stocks in the‚Ä¶"
Wed Jun 26 21:19:53 +0000 2019,21:19:53,0,",1143992299501867008",,,,,,TRUE,FALSE,0,When can we dabble into the marijuana market? I feel like that would have greater impact on local economies rather‚Ä¶ https://t.co/p5IYCBiebJ
Wed Jun 26 21:19:52 +0000 2019,21:19:52,0,",1143992297308209152",SlopeOfHope,1.14E+18,1.14387E+18,10017542,10017542,FALSE,,0,@SlopeOfHope Today was the first day I can remember that the market sort of ignored a Mnuchin or Kudlow attempt at a pump.
Wed Jun 26 21:19:50 +0000 2019,21:19:50,0,",1143992286239449089",,,,,,FALSE,FALSE,0,"Global Portable Air Purifier Market 2019: Industry Key Players, Share, Trend, Applications, Forecast to¬†2025‚Ä¶ https://t.co/yyWJyCak1v"
Wed Jun 26 21:19:49 +0000 2019,21:19:49,1,",1143992285803274240",InvisiblesMuros,1.14E+18,1.14398E+18,1.08E+18,1.08378E+18,FALSE,,1,"@InvisiblesMuros Plus if it was free or even affordable, so many more people would go. A highly educated workforce‚Ä¶ https://t.co/ntbwNzkBW6"
Wed Jun 26 21:19:49 +0000 2019,21:19:49,0,",1143992284188467201",,,,,,FALSE,,41,"RT @spattersearch: Folks on the academic job market - if anyone wants an extra set of eyes on their materials, I am happy to take a look. P‚Ä¶"
Wed Jun 26 21:19:49 +0000 2019,21:19:49,0,",1143992282120708096",,,,,,FALSE,FALSE,0,"Global Nano Drones Market : Size, Outlook, Trend And Forecast¬†2017-2023 https://t.co/Y0aUUdHbnW https://t.co/1XgrD0Itv6"
Wed Jun 26 21:19:48 +0000 2019,21:19:48,0,",1143992280170323970",,,,,,FALSE,FALSE,0,Global Okra Seeds Market : Analysis and Opportunity Assessment¬†2023 https://t.co/2ZXJ6aSb60 https://t.co/TC3ErhX5bl
Wed Jun 26 21:19:47 +0000 2019,21:19:47,1,",1143992277452414976",,,,,,FALSE,FALSE,0,Dell's HCI revenue is up to $587M or 32.2% of the market in a growing market. @Nutanix is flat. I wonder if the‚Ä¶ https://t.co/TV6WyjGOpw
Wed Jun 26 21:19:47 +0000 2019,21:19:47,0,",1143992276907020288",,,,,,FALSE,,6212,"RT @SuperStarBTStwt: #SuperStarBTS ÎÖ∏Îûò ÏßÑÏßúÏßÑÏßúÏßÑÏßúÎ£® Ï¢ãÏùÄ ÏßÑÏßúÎ£®.. #JamaisVu updated!

Summer Event is here! Free Gift Every 12 PM KST! Get It From You‚Ä¶"
Wed Jun 26 21:19:47 +0000 2019,21:19:47,0,",1143992276819095554",Kolby2xtimess,1.14E+18,1.14399E+18,9.66E+17,9.66209E+17,FALSE,,0,@Kolby2xtimess It ain‚Äôt even about who plays better. Its about the market. If the WNBA tv ratings can‚Äôt keep up the‚Ä¶ https://t.co/Gb3pK6vcTW
Wed Jun 26 21:19:47 +0000 2019,21:19:47,0,",1143992275028107266",,,,,,FALSE,,0,Epic fight going on in the #btc market. Bulls currently getting beaten back by bears after over a week in the sun
Wed Jun 26 21:19:46 +0000 2019,21:19:46,2,",1143992271110467584",,,,,,FALSE,,0,I dislike the idea of sub only streams but them again i dislike a lot of that kind of  stuff. But these days stream‚Ä¶ https://t.co/MRwDajvGEz
Wed Jun 26 21:19:45 +0000 2019,21:19:45,2,",1143992267411283969",,,,,,FALSE,FALSE,0,Got this arrangement from the farm market on one of the farms where we pollinate with our bees on Friday. It just d‚Ä¶ https://t.co/gBESEiDize
Wed Jun 26 21:19:45 +0000 2019,21:19:45,0,",1143992267255869440",,,,,,FALSE,FALSE,0,The Phoenix market place the plug tho üò≠üòÇ https://t.co/8vKrTBQiIL
Wed Jun 26 21:19:45 +0000 2019,21:19:45,0,",1143992266685591554",,,,,,FALSE,,19356,RT @realDonaldTrump: Stock Market is heading for one of the best months (June) in the history of our Country. Thank you Mr. President!
Wed Jun 26 21:19:45 +0000 2019,21:19:45,0,",1143992265196679172",thedonaldreddit,1.14E+18,1.14393E+18,4380273612,4380273612,FALSE,,0,"@thedonaldreddit What about property rights snowflakes? It's the free market, and your shitty views aren't profitable."
Wed Jun 26 21:19:44 +0000 2019,21:19:44,0,",1143992261417549824",Lilly5940,1.14E+18,1.14399E+18,622839774,622839774,FALSE,,0,"@Lilly5940 @rossychild @reachmikeystew @k_a_aitch @MikeDrucker Yeah, the other way to destroy a Free Market is to l‚Ä¶ https://t.co/Ay00hqHDmx"
Wed Jun 26 21:19:43 +0000 2019,21:19:43,0,",1143992260821966851",,,,,,FALSE,,872,"RT @TFWriter: THREAD: A thread on why #GlazersOut is happening and why every Manchester United fan should be concerned.

Signing Wan-Bissak‚Ä¶"
Wed Jun 26 21:19:43 +0000 2019,21:19:43,1,",1143992258733195264",ItzSuds,1.14E+18,1.14399E+18,2611693359,2611693359,FALSE,,0,@ItzSuds ~ $500 billion market cap
Wed Jun 26 21:19:42 +0000 2019,21:19:42,0,",1143992256103407618",,,,,,FALSE,FALSE,0,"https://t.co/CsSiuE8dcQ
Coinbase Suspends Withdrawals as Crypto Market Collapses. 

#coinbase #bitcoin #scam #fraud #warning #bitcoin #btc"
Wed Jun 26 21:19:41 +0000 2019,21:19:41,0,",1143992249375588352",,,,,,FALSE,,45,"RT @IEEFA_AsiaPac: European banks have said they don‚Äôt want to finance coal projects for a while, Japanese followed and now Singapore. Abou‚Ä¶"
Wed Jun 26 21:19:40 +0000 2019,21:19:40,0,",1143992247450398720",,,,,,FALSE,,64,"RT @TimBontemps: The Raptors say Marc Gasol has exercised his player option for 2019-20. Always was expected, given the number of centers o‚Ä¶"
Wed Jun 26 21:19:40 +0000 2019,21:19:40,0,",1143992246938812418",,,,,,FALSE,FALSE,0,Ai Weiwei‚ÄìDesigned House Hits the Market for $5.2 Million https://t.co/y8qxdKUcx6
Wed Jun 26 21:19:40 +0000 2019,21:19:40,0,",1143992246934614021",,,,,,FALSE,FALSE,0,"Join us TOMORROW, June 27th from 5-7pm behind the C &amp; H Market for the opening art exhibition for ""Cuyama Cartonera‚Ä¶ https://t.co/lnxEyebxEN"
Wed Jun 26 21:19:39 +0000 2019,21:19:39,0,",1143992242907971585",,,,,,FALSE,,1074,"RT @SenSanders: ""I know smart, talented, debt-laden millennials who graduated into a post-Great Recession job market so mean and miserly th‚Ä¶"
Wed Jun 26 21:19:39 +0000 2019,21:19:39,0,",1143992240643219465",i_rocc_croccs,1.14E+18,1.14398E+18,265138733,265138733,FALSE,,0,"@i_rocc_croccs @HuffPost FYI, genius, from family experience, I had two great uncles in Connecticut, Italian immigr‚Ä¶ https://t.co/1kv95mUtfP"
Wed Jun 26 21:19:38 +0000 2019,21:19:38,0,",1143992237350629376",Wealth_Park,,,81790450,81790450,FALSE,,0,@Wealth_Park Can you brief what's the tax implications if I sale flat after 5 yrs and invest those money in stock market?
Wed Jun 26 21:19:35 +0000 2019,21:19:35,0,",1143992225464049670",leesmakeez,1.14E+18,1.14399E+18,1.01E+18,1.01339E+18,FALSE,,0,"@leesmakeez Unfortunately,my doctor told me the truth from the get go and he tried to get me the ‚Äúbest‚Äù/‚Äúless harmful ‚Äúin the market"
Wed Jun 26 21:19:35 +0000 2019,21:19:35,0,",1143992223857426432",,,,,,FALSE,FALSE,0,From RenewableUK: Global Offshore Wind Market Grew 16% In Last 12 Months via @CleanTechnica https://t.co/si46buQDDZ
Wed Jun 26 21:19:33 +0000 2019,21:19:33,1,",1143992217184243712",,,,,,FALSE,,0,Just bought a calamansi (calamondin) tree on Amazon and I can't wait for it to arrive. I realized that calamansi is‚Ä¶ https://t.co/njhFjsCokh
Wed Jun 26 21:19:33 +0000 2019,21:19:33,0,",1143992216123334656",CNBC,,,20402945,20402945,FALSE,FALSE,0,@CNBC escuchen y ver√°n q solo 5 acciones sostuvieron 1/3 d la suba del quarter y la √önica responsable es $MSFT Sooo‚Ä¶ https://t.co/B5mmU0r7ka
Wed Jun 26 21:19:32 +0000 2019,21:19:32,1,",1143992213640220672",,,,,,FALSE,FALSE,1,47547 + 31458 heading south past Desborough between Market Harborough &amp; Kettering with St.Pancras bound 3C12 parcel‚Ä¶ https://t.co/LaftVtnlHM
Wed Jun 26 21:19:32 +0000 2019,21:19:32,0,",1143992212189061120",,,,,,FALSE,FALSE,1,RT @SchillerWalther: @realDonaldTrump https://t.co/FdrkcgdUpw
Wed Jun 26 21:19:31 +0000 2019,21:19:31,0,",1143992209110208512",,,,,,FALSE,,2,RT @PDXStreetcar: NS Line and B Loop blocked at SW Park/Market by emergency response.
Wed Jun 26 21:19:31 +0000 2019,21:19:31,0,",1143992208682627072",TristaBytes,,,4426864756,4426864756,FALSE,,0,@TristaBytes are you not going to retro games market next month? üôÇ
Wed Jun 26 21:19:30 +0000 2019,21:19:30,0,",1143992204135936000",nmeyersohn,1.14E+18,1.1439E+18,2740452163,2740452163,FALSE,,0,@nmeyersohn If this is meant to be the US it‚Äôs...ummm...not to scale (that‚Äôs a nice way of saying ‚Äúwrong‚Äù :-).  Mas‚Ä¶ https://t.co/K0rA403TiC
Wed Jun 26 21:19:29 +0000 2019,21:19:29,0,",1143992201699123201",,,,,,FALSE,FALSE,0,The sign of a maturing Customer Relationship Management marketplace - dominant players.  #CRM #salesforce‚Ä¶ https://t.co/6XgMiL29iN
Wed Jun 26 21:19:26 +0000 2019,21:19:26,0,",1143992185748152320",,,,,,TRUE,FALSE,0,"I get the issue but come on, how can you advocate for any policy w/o assessing the economic impact? ""Wherever compa‚Ä¶ https://t.co/XCl44pyTrQ"
Wed Jun 26 21:19:26 +0000 2019,21:19:26,0,",1143992185689448449",,,,,,FALSE,FALSE,0,Beijing Fake Market¬†Spree! https://t.co/PkcRvH4JX2 https://t.co/7FmIxuFvwQ
Wed Jun 26 21:19:25 +0000 2019,21:19:25,0,",1143992185131622400",,,,,,FALSE,FALSE,0,Ready for a change? This 2 BD/ 3 BA in Doral won't be on the market long.  https://t.co/GevQlN78t3 https://t.co/XR0STuixo0
Wed Jun 26 21:19:25 +0000 2019,21:19:25,0,",1143992183571324930",,,,,,TRUE,FALSE,0,"Arrests for crimes against the American people &amp; Trump's activities with the black market are provable, arrest his‚Ä¶ https://t.co/qsBHBnHVLH"
Wed Jun 26 21:19:24 +0000 2019,21:19:24,0,",1143992180505116672",FirePuff12,1.14E+18,1.14396E+18,1896309030,1896309030,FALSE,,0,@FirePuff12 @Mrtonytig Tulsi-Bern ticket is the best option on the market as long as BernVP. Race of the old white‚Ä¶ https://t.co/zVgusLm5Fa
Wed Jun 26 21:19:23 +0000 2019,21:19:23,0,",1143992175170138113",,,,,,FALSE,,0,This transfer market is really boring it seems like no one is buying anyone at the moment
Wed Jun 26 21:19:23 +0000 2019,21:19:23,0,",1143992174993788928",GrimmaceMain,1.14E+18,1.14399E+18,67760893,67760893,FALSE,,0,@GrimmaceMain @ScottAdamsSays That's going to be completely unhelpful in the next few years as the labor market con‚Ä¶ https://t.co/ZFsQ0irjVr
Wed Jun 26 21:19:23 +0000 2019,21:19:23,0,",1143992174528196608",,,,,,FALSE,,45,"RT @IEEFA_AsiaPac: European banks have said they don‚Äôt want to finance coal projects for a while, Japanese followed and now Singapore. Abou‚Ä¶"
Wed Jun 26 21:19:22 +0000 2019,21:19:22,0,",1143992171571425292",,,,,,FALSE,FALSE,0,It's deals like this that hardly ever stay on the market! #beautifulhome #homesweethome  https://t.co/mcX15wh53C https://t.co/G34J87i89A
Wed Jun 26 21:19:21 +0000 2019,21:19:21,0,",1143992166924111874",,,,,,FALSE,FALSE,0,Great day at the Moore Square Market‚Äîfresh fruits and veggies right in the Downtown core. #downtownraleigh resident‚Ä¶ https://t.co/SP8DxwFOtH
Wed Jun 26 21:19:21 +0000 2019,21:19:21,0,",1143992166601121795",realDonaldTrump,1.14E+18,1.14349E+18,25073877,25073877,FALSE,FALSE,1,@realDonaldTrump https://t.co/FdrkcgdUpw
Wed Jun 26 21:19:21 +0000 2019,21:19:21,1,",1143992165007319041",,,,,,FALSE,FALSE,0,"No other market in the world can make you such mad profits 

419% within 15 minutes üôÑ

#BTC https://t.co/a7VhbRdUwh"
Wed Jun 26 21:19:20 +0000 2019,21:19:20,0,",1143992163379949570",,,,,,FALSE,,1,RT @abetrade: Ive been in this space for some time and I see lot of people calling this btc move ‚Äúan opportunity of lifetime‚Äù same as they‚Ä¶
Wed Jun 26 21:19:19 +0000 2019,21:19:19,0,",1143992157793128449",,,,,,FALSE,,4,"RT @cybermiles: Last week in #NYC, CyberMiles shared a presentation on creating market-ready #DApps.

#developerweek #SmartContracts #progr‚Ä¶"
Wed Jun 26 21:19:18 +0000 2019,21:19:18,0,",1143992152449593345",,,,,,FALSE,,67,"RT @fromedome: Amazon‚Äôs approach to the Kindle product remains befuddling. Talk about entering a market, quickly achieving dominance, and t‚Ä¶"
Wed Jun 26 21:19:16 +0000 2019,21:19:16,0,",1143992146871169025",sakz5th,1.14E+18,1.14397E+18,21454470,21454470,FALSE,,0,@sakz5th This is the same correlation I was talking about yesterday. Customers suffer because it cost China more (t‚Ä¶ https://t.co/N2pRgsByI7
Wed Jun 26 21:19:16 +0000 2019,21:19:16,0,",1143992144253935616",,,,,,FALSE,,1739,"RT @charliekirk11: BOOM:

The President has raised over 36 MILLION dollars in the week since he launched his campaign

That's double Bernie‚Ä¶"
Wed Jun 26 21:19:16 +0000 2019,21:19:16,0,",1143992144170037248",,,,,,FALSE,FALSE,0,"Shit, market correction bleeding out crypto market highs pretty fast. Time to wait for bottom and bounce https://t.co/Q1CElXpuLy"
Wed Jun 26 21:19:16 +0000 2019,21:19:16,0,",1143992143549259777",,,,,,TRUE,,569,"RT @JimSterling: Ah, the classic ""gun to head"" defense. 

Coercion is its own form of force, and our economy and job market coerces us into‚Ä¶"
Wed Jun 26 21:19:15 +0000 2019,21:19:15,1,",1143992142936735750",,,,,,FALSE,FALSE,0,"Went to World Market today and found these. I'd been looking around, and seeing these at a store I love made my cho‚Ä¶ https://t.co/Q2Slq2KlYV"
Wed Jun 26 21:19:14 +0000 2019,21:19:14,0,",1143992138906185728",Bleeding_Crypto,1.14E+18,1.14399E+18,604177938,604177938,FALSE,,0,@Bleeding_Crypto @swanborough12 #Nuls is doing 10X it's market cap in volume
Wed Jun 26 21:19:14 +0000 2019,21:19:14,0,",1143992137811484673",TheBootMex,1.14E+18,1.14378E+18,1.12E+18,1.11642E+18,FALSE,,0,@TheBootMex ‚Äúit takes a man a long time to learn all the lessons of all his mistakes. They say there are two sides‚Ä¶ https://t.co/Vz7uTucoqS
